mode: set
github.com/vlahanam/rol-outfit/src/internal/models/cart.go:11.32,11.50 1 0
github.com/vlahanam/rol-outfit/src/internal/models/cart.go:24.36,24.58 1 0
github.com/vlahanam/rol-outfit/src/internal/models/category.go:25.36,25.59 1 0
github.com/vlahanam/rol-outfit/src/internal/models/order.go:31.33,31.52 1 0
github.com/vlahanam/rol-outfit/src/internal/models/order.go:44.37,44.60 1 0
github.com/vlahanam/rol-outfit/src/internal/models/product.go:20.52,21.17 1 0
github.com/vlahanam/rol-outfit/src/internal/models/product.go:21.17,23.3 1 0
github.com/vlahanam/rol-outfit/src/internal/models/product.go:24.2,25.22 2 0
github.com/vlahanam/rol-outfit/src/internal/models/product.go:25.22,27.3 1 0
github.com/vlahanam/rol-outfit/src/internal/models/product.go:28.2,28.50 1 0
github.com/vlahanam/rol-outfit/src/internal/models/product.go:31.51,32.16 1 0
github.com/vlahanam/rol-outfit/src/internal/models/product.go:32.16,35.3 2 0
github.com/vlahanam/rol-outfit/src/internal/models/product.go:36.2,37.25 2 0
github.com/vlahanam/rol-outfit/src/internal/models/product.go:38.14,39.10 1 0
github.com/vlahanam/rol-outfit/src/internal/models/product.go:40.14,41.18 1 0
github.com/vlahanam/rol-outfit/src/internal/models/product.go:42.10,43.66 1 0
github.com/vlahanam/rol-outfit/src/internal/models/product.go:45.2,46.30 2 0
github.com/vlahanam/rol-outfit/src/internal/models/product.go:46.30,49.3 2 0
github.com/vlahanam/rol-outfit/src/internal/models/product.go:50.2,50.66 1 0
github.com/vlahanam/rol-outfit/src/internal/models/product.go:50.66,52.3 1 0
github.com/vlahanam/rol-outfit/src/internal/models/product.go:53.2,54.12 2 0
github.com/vlahanam/rol-outfit/src/internal/models/product.go:57.45,58.13 1 0
github.com/vlahanam/rol-outfit/src/internal/models/product.go:58.13,60.3 1 0
github.com/vlahanam/rol-outfit/src/internal/models/product.go:61.2,65.22 5 0
github.com/vlahanam/rol-outfit/src/internal/models/product.go:65.22,66.14 1 0
github.com/vlahanam/rol-outfit/src/internal/models/product.go:66.14,69.12 3 0
github.com/vlahanam/rol-outfit/src/internal/models/product.go:71.3,71.12 1 0
github.com/vlahanam/rol-outfit/src/internal/models/product.go:72.13,73.18 1 0
github.com/vlahanam/rol-outfit/src/internal/models/product.go:74.12,75.22 1 0
github.com/vlahanam/rol-outfit/src/internal/models/product.go:76.12,77.16 1 0
github.com/vlahanam/rol-outfit/src/internal/models/product.go:77.16,80.5 2 0
github.com/vlahanam/rol-outfit/src/internal/models/product.go:80.10,82.5 1 0
github.com/vlahanam/rol-outfit/src/internal/models/product.go:83.11,84.20 1 0
github.com/vlahanam/rol-outfit/src/internal/models/product.go:87.2,88.15 2 0
github.com/vlahanam/rol-outfit/src/internal/models/product.go:109.35,109.56 1 0
github.com/vlahanam/rol-outfit/src/internal/models/product_tag.go:11.38,11.63 1 0
github.com/vlahanam/rol-outfit/src/internal/models/product_variant.go:29.42,29.71 1 0
github.com/vlahanam/rol-outfit/src/internal/models/refresh_token.go:15.40,17.2 1 0
github.com/vlahanam/rol-outfit/src/internal/models/tag.go:15.31,15.48 1 0
github.com/vlahanam/rol-outfit/src/internal/models/user.go:36.32,38.2 1 1
github.com/vlahanam/rol-outfit/src/internal/models/user_address.go:21.39,23.2 1 0
github.com/vlahanam/rol-outfit/src/internal/models/widget.go:36.34,36.54 1 0
github.com/vlahanam/rol-outfit/src/cmd/seed/main.go:12.13,18.42 4 0
github.com/vlahanam/rol-outfit/src/cmd/seed/main.go:18.42,20.3 1 0
github.com/vlahanam/rol-outfit/src/cmd/seed/main.go:21.2,21.33 1 0
github.com/vlahanam/rol-outfit/src/internal/common/error_response.go:63.63,64.16 1 0
github.com/vlahanam/rol-outfit/src/internal/common/error_response.go:64.16,66.3 1 0
github.com/vlahanam/rol-outfit/src/internal/common/error_response.go:68.2,68.51 1 0
github.com/vlahanam/rol-outfit/src/internal/common/error_response.go:68.51,70.3 1 0
github.com/vlahanam/rol-outfit/src/internal/common/error_response.go:72.2,72.8 1 0
github.com/vlahanam/rol-outfit/src/internal/common/error_response.go:75.38,77.2 1 0
github.com/vlahanam/rol-outfit/src/internal/common/error_response.go:79.40,81.2 1 0
github.com/vlahanam/rol-outfit/src/internal/common/error_response.go:83.57,86.2 2 0
github.com/vlahanam/rol-outfit/src/internal/common/error_response.go:88.55,91.2 2 0
github.com/vlahanam/rol-outfit/src/internal/common/error_response.go:93.59,94.52 1 0
github.com/vlahanam/rol-outfit/src/internal/common/error_response.go:94.52,96.3 1 0
github.com/vlahanam/rol-outfit/src/internal/common/error_response.go:96.8,98.3 1 0
github.com/vlahanam/rol-outfit/src/internal/common/error_response.go:99.2,99.10 1 0
github.com/vlahanam/rol-outfit/src/internal/common/error_response.go:102.42,103.26 1 0
github.com/vlahanam/rol-outfit/src/internal/common/error_response.go:104.20,108.31 1 0
github.com/vlahanam/rol-outfit/src/internal/common/error_response.go:109.21,113.31 1 0
github.com/vlahanam/rol-outfit/src/internal/common/error_response.go:114.10,115.15 1 0
github.com/vlahanam/rol-outfit/src/internal/common/error_response.go:119.39,121.2 1 0
github.com/vlahanam/rol-outfit/src/internal/common/error_response.go:123.35,125.2 1 0
github.com/vlahanam/rol-outfit/src/internal/common/error_response.go:127.38,129.2 1 0
github.com/vlahanam/rol-outfit/src/internal/common/error_response.go:131.42,133.2 1 0
github.com/vlahanam/rol-outfit/src/internal/common/error_response.go:135.39,137.2 1 0
github.com/vlahanam/rol-outfit/src/internal/common/error_response.go:139.38,141.2 1 0
github.com/vlahanam/rol-outfit/src/internal/common/error_response.go:143.56,145.2 1 0
github.com/vlahanam/rol-outfit/src/internal/common/error_response.go:147.40,149.2 1 0
github.com/vlahanam/rol-outfit/src/internal/common/error_response.go:151.63,154.2 2 0
github.com/vlahanam/rol-outfit/src/internal/common/error_response.go:156.85,158.2 1 0
github.com/vlahanam/rol-outfit/src/internal/common/error_response.go:160.63,163.2 2 0
github.com/vlahanam/rol-outfit/src/internal/common/error_response.go:165.85,167.2 1 0
github.com/vlahanam/rol-outfit/src/internal/common/error_response.go:169.83,171.2 1 0
github.com/vlahanam/rol-outfit/src/internal/common/error_response.go:173.61,176.2 2 0
github.com/vlahanam/rol-outfit/src/internal/common/error_response.go:178.80,179.27 1 0
github.com/vlahanam/rol-outfit/src/internal/common/error_response.go:179.27,181.3 1 0
github.com/vlahanam/rol-outfit/src/internal/common/error_response.go:182.2,183.11 2 0
github.com/vlahanam/rol-outfit/src/internal/common/error_response.go:186.98,187.27 1 0
github.com/vlahanam/rol-outfit/src/internal/common/error_response.go:187.27,189.3 1 0
github.com/vlahanam/rol-outfit/src/internal/common/error_response.go:190.2,191.11 2 0
github.com/vlahanam/rol-outfit/src/internal/common/error_response.go:194.81,197.2 2 0
github.com/vlahanam/rol-outfit/src/internal/common/error_response.go:199.54,200.14 1 0
github.com/vlahanam/rol-outfit/src/internal/common/error_response.go:201.11,202.18 1 0
github.com/vlahanam/rol-outfit/src/internal/common/error_response.go:202.18,211.4 8 0
github.com/vlahanam/rol-outfit/src/internal/common/error_response.go:212.3,212.14 1 0
github.com/vlahanam/rol-outfit/src/internal/common/error_response.go:213.11,214.41 1 0
github.com/vlahanam/rol-outfit/src/internal/common/error_response.go:215.11,216.44 1 0
github.com/vlahanam/rol-outfit/src/internal/common/error_response.go:220.64,229.49 3 0
github.com/vlahanam/rol-outfit/src/internal/common/error_response.go:229.49,231.3 1 0
github.com/vlahanam/rol-outfit/src/internal/common/error_response.go:232.2,232.75 1 0
github.com/vlahanam/rol-outfit/src/internal/common/error_response.go:232.75,234.3 1 0
github.com/vlahanam/rol-outfit/src/internal/common/error_response.go:235.2,235.72 1 0
github.com/vlahanam/rol-outfit/src/internal/common/error_response.go:235.72,237.3 1 0
github.com/vlahanam/rol-outfit/src/internal/common/error_response.go:238.2,238.69 1 0
github.com/vlahanam/rol-outfit/src/internal/common/error_response.go:238.69,240.3 1 0
github.com/vlahanam/rol-outfit/src/internal/common/error_response.go:241.2,241.76 1 0
github.com/vlahanam/rol-outfit/src/internal/common/error_response.go:241.76,243.3 1 0
github.com/vlahanam/rol-outfit/src/internal/common/error_response.go:244.2,244.48 1 0
github.com/vlahanam/rol-outfit/src/internal/common/error_response.go:244.48,246.3 1 0
github.com/vlahanam/rol-outfit/src/internal/common/error_response.go:247.2,247.45 1 0
github.com/vlahanam/rol-outfit/src/internal/common/error_response.go:247.45,249.3 1 0
github.com/vlahanam/rol-outfit/src/internal/common/error_response.go:251.2,251.26 1 0
github.com/vlahanam/rol-outfit/src/internal/common/error_response.go:251.26,253.3 1 0
github.com/vlahanam/rol-outfit/src/internal/common/error_response.go:255.2,255.11 1 0
github.com/vlahanam/rol-outfit/src/internal/common/pagination.go:11.28,12.16 1 0
github.com/vlahanam/rol-outfit/src/internal/common/pagination.go:12.16,14.3 1 0
github.com/vlahanam/rol-outfit/src/internal/common/pagination.go:16.2,16.18 1 0
github.com/vlahanam/rol-outfit/src/internal/common/pagination.go:16.18,18.3 1 0
github.com/vlahanam/rol-outfit/src/internal/common/pagination.go:20.2,20.20 1 0
github.com/vlahanam/rol-outfit/src/internal/common/pagination.go:20.20,22.3 1 0
github.com/vlahanam/rol-outfit/src/internal/common/slug.go:21.31,26.2 4 0
github.com/vlahanam/rol-outfit/src/internal/common/success_response.go:9.72,11.2 1 0
github.com/vlahanam/rol-outfit/src/internal/common/success_response.go:13.54,15.2 1 0
github.com/vlahanam/rol-outfit/src/internal/common/validation.go:10.75,12.9 2 0
github.com/vlahanam/rol-outfit/src/internal/common/validation.go:12.9,14.3 1 0
github.com/vlahanam/rol-outfit/src/internal/common/validation.go:15.2,16.37 2 0
github.com/vlahanam/rol-outfit/src/internal/common/validation.go:16.37,19.3 2 0
github.com/vlahanam/rol-outfit/src/internal/common/validation.go:20.2,20.16 1 0
github.com/vlahanam/rol-outfit/src/cmd/main.go:7.13,9.2 1 0
github.com/vlahanam/rol-outfit/src/internal/initialize/loadconfig.go:25.34,30.2 1 0
github.com/vlahanam/rol-outfit/src/internal/initialize/loadconfig.go:33.41,38.2 1 0
github.com/vlahanam/rol-outfit/src/internal/initialize/loadconfig.go:40.42,41.34 1 0
github.com/vlahanam/rol-outfit/src/internal/initialize/loadconfig.go:41.34,43.3 1 0
github.com/vlahanam/rol-outfit/src/internal/initialize/loadconfig.go:44.2,44.17 1 0
github.com/vlahanam/rol-outfit/src/internal/initialize/loadconfig.go:47.52,48.34 1 0
github.com/vlahanam/rol-outfit/src/internal/initialize/loadconfig.go:48.34,49.56 1 0
github.com/vlahanam/rol-outfit/src/internal/initialize/loadconfig.go:49.56,51.4 1 0
github.com/vlahanam/rol-outfit/src/internal/initialize/loadconfig.go:53.2,53.17 1 0
github.com/vlahanam/rol-outfit/src/internal/initialize/loadconfig.go:57.30,71.2 1 0
github.com/vlahanam/rol-outfit/src/internal/initialize/postgres.go:17.38,21.16 2 0
github.com/vlahanam/rol-outfit/src/internal/initialize/postgres.go:21.16,23.3 1 0
github.com/vlahanam/rol-outfit/src/internal/initialize/postgres.go:25.2,26.16 2 0
github.com/vlahanam/rol-outfit/src/internal/initialize/postgres.go:26.16,28.3 1 0
github.com/vlahanam/rol-outfit/src/internal/initialize/postgres.go:29.2,34.11 5 0
github.com/vlahanam/rol-outfit/src/internal/initialize/postgres.go:38.36,42.16 3 0
github.com/vlahanam/rol-outfit/src/internal/initialize/postgres.go:42.16,44.3 1 0
github.com/vlahanam/rol-outfit/src/internal/initialize/postgres.go:45.2,47.61 2 0
github.com/vlahanam/rol-outfit/src/internal/initialize/postgres.go:47.61,49.3 1 0
github.com/vlahanam/rol-outfit/src/internal/initialize/postgres.go:51.2,51.50 1 0
github.com/vlahanam/rol-outfit/src/internal/initialize/route.go:13.62,17.45 3 0
github.com/vlahanam/rol-outfit/src/internal/initialize/route.go:17.45,19.3 1 0
github.com/vlahanam/rol-outfit/src/internal/initialize/route.go:21.2,162.55 87 0
github.com/vlahanam/rol-outfit/src/internal/initialize/run.go:13.12,22.12 5 0
github.com/vlahanam/rol-outfit/src/internal/initialize/run.go:22.12,25.22 3 0
github.com/vlahanam/rol-outfit/src/internal/initialize/run.go:25.22,26.80 1 0
github.com/vlahanam/rol-outfit/src/internal/initialize/run.go:26.80,28.5 1 0
github.com/vlahanam/rol-outfit/src/internal/initialize/run.go:32.2,36.42 4 0
github.com/vlahanam/rol-outfit/src/internal/services/auth_service.go:50.143,56.2 1 0
github.com/vlahanam/rol-outfit/src/internal/services/auth_service.go:59.112,62.16 2 0
github.com/vlahanam/rol-outfit/src/internal/services/auth_service.go:62.16,64.3 1 0
github.com/vlahanam/rol-outfit/src/internal/services/auth_service.go:65.2,65.21 1 0
github.com/vlahanam/rol-outfit/src/internal/services/auth_service.go:65.21,67.3 1 0
github.com/vlahanam/rol-outfit/src/internal/services/auth_service.go:70.2,70.21 1 0
github.com/vlahanam/rol-outfit/src/internal/services/auth_service.go:70.21,72.17 2 0
github.com/vlahanam/rol-outfit/src/internal/services/auth_service.go:72.17,74.4 1 0
github.com/vlahanam/rol-outfit/src/internal/services/auth_service.go:75.3,75.24 1 0
github.com/vlahanam/rol-outfit/src/internal/services/auth_service.go:75.24,77.4 1 0
github.com/vlahanam/rol-outfit/src/internal/services/auth_service.go:81.2,82.16 2 0
github.com/vlahanam/rol-outfit/src/internal/services/auth_service.go:82.16,84.3 1 0
github.com/vlahanam/rol-outfit/src/internal/services/auth_service.go:87.2,96.53 2 0
github.com/vlahanam/rol-outfit/src/internal/services/auth_service.go:96.53,97.53 1 0
github.com/vlahanam/rol-outfit/src/internal/services/auth_service.go:97.53,99.4 1 0
github.com/vlahanam/rol-outfit/src/internal/services/auth_service.go:100.3,100.59 1 0
github.com/vlahanam/rol-outfit/src/internal/services/auth_service.go:104.2,104.41 1 0
github.com/vlahanam/rol-outfit/src/internal/services/auth_service.go:108.106,111.16 2 0
github.com/vlahanam/rol-outfit/src/internal/services/auth_service.go:111.16,113.3 1 0
github.com/vlahanam/rol-outfit/src/internal/services/auth_service.go:114.2,114.17 1 0
github.com/vlahanam/rol-outfit/src/internal/services/auth_service.go:114.17,116.3 1 0
github.com/vlahanam/rol-outfit/src/internal/services/auth_service.go:119.2,119.99 1 0
github.com/vlahanam/rol-outfit/src/internal/services/auth_service.go:119.99,121.3 1 0
github.com/vlahanam/rol-outfit/src/internal/services/auth_service.go:124.2,124.41 1 0
github.com/vlahanam/rol-outfit/src/internal/services/auth_service.go:129.124,136.21 4 0
github.com/vlahanam/rol-outfit/src/internal/services/auth_service.go:136.21,138.3 1 0
github.com/vlahanam/rol-outfit/src/internal/services/auth_service.go:141.2,150.16 4 0
github.com/vlahanam/rol-outfit/src/internal/services/auth_service.go:150.16,152.3 1 0
github.com/vlahanam/rol-outfit/src/internal/services/auth_service.go:155.2,164.16 4 0
github.com/vlahanam/rol-outfit/src/internal/services/auth_service.go:164.16,166.3 1 0
github.com/vlahanam/rol-outfit/src/internal/services/auth_service.go:169.2,179.74 3 0
github.com/vlahanam/rol-outfit/src/internal/services/auth_service.go:179.74,181.3 1 0
github.com/vlahanam/rol-outfit/src/internal/services/auth_service.go:183.2,188.8 1 0
github.com/vlahanam/rol-outfit/src/internal/services/auth_service_refresh.go:16.37,20.2 3 0
github.com/vlahanam/rol-outfit/src/internal/services/auth_service_refresh.go:24.104,26.83 1 0
github.com/vlahanam/rol-outfit/src/internal/services/auth_service_refresh.go:26.83,27.54 1 0
github.com/vlahanam/rol-outfit/src/internal/services/auth_service_refresh.go:27.54,29.4 1 0
github.com/vlahanam/rol-outfit/src/internal/services/auth_service_refresh.go:30.3,30.34 1 0
github.com/vlahanam/rol-outfit/src/internal/services/auth_service_refresh.go:32.2,32.32 1 0
github.com/vlahanam/rol-outfit/src/internal/services/auth_service_refresh.go:32.32,34.3 1 0
github.com/vlahanam/rol-outfit/src/internal/services/auth_service_refresh.go:36.2,37.9 2 0
github.com/vlahanam/rol-outfit/src/internal/services/auth_service_refresh.go:37.9,39.3 1 0
github.com/vlahanam/rol-outfit/src/internal/services/auth_service_refresh.go:41.2,43.36 3 0
github.com/vlahanam/rol-outfit/src/internal/services/auth_service_refresh.go:43.36,45.3 1 0
github.com/vlahanam/rol-outfit/src/internal/services/auth_service_refresh.go:48.2,50.16 3 0
github.com/vlahanam/rol-outfit/src/internal/services/auth_service_refresh.go:50.16,52.3 1 0
github.com/vlahanam/rol-outfit/src/internal/services/auth_service_refresh.go:53.2,53.20 1 0
github.com/vlahanam/rol-outfit/src/internal/services/auth_service_refresh.go:53.20,55.3 1 0
github.com/vlahanam/rol-outfit/src/internal/services/auth_service_refresh.go:58.2,58.30 1 0
github.com/vlahanam/rol-outfit/src/internal/services/auth_service_refresh.go:58.30,61.3 2 0
github.com/vlahanam/rol-outfit/src/internal/services/auth_service_refresh.go:64.2,65.16 2 0
github.com/vlahanam/rol-outfit/src/internal/services/auth_service_refresh.go:65.16,67.3 1 0
github.com/vlahanam/rol-outfit/src/internal/services/auth_service_refresh.go:68.2,68.17 1 0
github.com/vlahanam/rol-outfit/src/internal/services/auth_service_refresh.go:68.17,70.3 1 0
github.com/vlahanam/rol-outfit/src/internal/services/auth_service_refresh.go:75.2,75.73 1 0
github.com/vlahanam/rol-outfit/src/internal/services/auth_service_refresh.go:75.73,76.47 1 0
github.com/vlahanam/rol-outfit/src/internal/services/auth_service_refresh.go:76.47,78.4 1 0
github.com/vlahanam/rol-outfit/src/internal/services/auth_service_refresh.go:79.3,79.72 1 0
github.com/vlahanam/rol-outfit/src/internal/services/auth_service_refresh.go:83.2,83.47 1 0
github.com/vlahanam/rol-outfit/src/internal/services/auth_service_refresh.go:88.81,89.83 1 0
github.com/vlahanam/rol-outfit/src/internal/services/auth_service_refresh.go:89.83,90.54 1 0
github.com/vlahanam/rol-outfit/src/internal/services/auth_service_refresh.go:90.54,92.4 1 0
github.com/vlahanam/rol-outfit/src/internal/services/auth_service_refresh.go:93.3,93.34 1 0
github.com/vlahanam/rol-outfit/src/internal/services/auth_service_refresh.go:95.2,95.32 1 0
github.com/vlahanam/rol-outfit/src/internal/services/auth_service_refresh.go:95.32,97.3 1 0
github.com/vlahanam/rol-outfit/src/internal/services/auth_service_refresh.go:99.2,100.9 2 0
github.com/vlahanam/rol-outfit/src/internal/services/auth_service_refresh.go:100.9,102.3 1 0
github.com/vlahanam/rol-outfit/src/internal/services/auth_service_refresh.go:104.2,105.18 2 0
github.com/vlahanam/rol-outfit/src/internal/services/auth_service_refresh.go:105.18,107.3 1 0
github.com/vlahanam/rol-outfit/src/internal/services/auth_service_refresh.go:109.2,109.64 1 0
github.com/vlahanam/rol-outfit/src/internal/services/cart_service.go:39.15,46.2 1 0
github.com/vlahanam/rol-outfit/src/internal/services/cart_service.go:48.109,50.16 2 0
github.com/vlahanam/rol-outfit/src/internal/services/cart_service.go:50.16,52.3 1 0
github.com/vlahanam/rol-outfit/src/internal/services/cart_service.go:53.2,54.16 2 0
github.com/vlahanam/rol-outfit/src/internal/services/cart_service.go:54.16,56.3 1 0
github.com/vlahanam/rol-outfit/src/internal/services/cart_service.go:57.2,57.25 1 0
github.com/vlahanam/rol-outfit/src/internal/services/cart_service.go:60.127,62.16 2 0
github.com/vlahanam/rol-outfit/src/internal/services/cart_service.go:62.16,64.3 1 0
github.com/vlahanam/rol-outfit/src/internal/services/cart_service.go:66.2,67.16 2 0
github.com/vlahanam/rol-outfit/src/internal/services/cart_service.go:67.16,69.3 1 0
github.com/vlahanam/rol-outfit/src/internal/services/cart_service.go:70.2,70.20 1 0
github.com/vlahanam/rol-outfit/src/internal/services/cart_service.go:70.20,72.3 1 0
github.com/vlahanam/rol-outfit/src/internal/services/cart_service.go:75.2,76.16 2 0
github.com/vlahanam/rol-outfit/src/internal/services/cart_service.go:76.16,78.3 1 0
github.com/vlahanam/rol-outfit/src/internal/services/cart_service.go:79.2,79.21 1 0
github.com/vlahanam/rol-outfit/src/internal/services/cart_service.go:79.21,81.117 2 0
github.com/vlahanam/rol-outfit/src/internal/services/cart_service.go:81.117,83.4 1 0
github.com/vlahanam/rol-outfit/src/internal/services/cart_service.go:84.3,85.23 2 0
github.com/vlahanam/rol-outfit/src/internal/services/cart_service.go:88.2,89.22 2 0
github.com/vlahanam/rol-outfit/src/internal/services/cart_service.go:89.22,91.17 2 0
github.com/vlahanam/rol-outfit/src/internal/services/cart_service.go:91.17,93.4 1 0
github.com/vlahanam/rol-outfit/src/internal/services/cart_service.go:94.3,94.44 1 0
github.com/vlahanam/rol-outfit/src/internal/services/cart_service.go:94.44,96.83 2 0
github.com/vlahanam/rol-outfit/src/internal/services/cart_service.go:96.83,98.5 1 0
github.com/vlahanam/rol-outfit/src/internal/services/cart_service.go:98.10,98.108 1 0
github.com/vlahanam/rol-outfit/src/internal/services/cart_service.go:98.108,100.5 1 0
github.com/vlahanam/rol-outfit/src/internal/services/cart_service.go:102.8,102.106 1 0
github.com/vlahanam/rol-outfit/src/internal/services/cart_service.go:102.106,104.3 1 0
github.com/vlahanam/rol-outfit/src/internal/services/cart_service.go:106.2,107.22 2 0
github.com/vlahanam/rol-outfit/src/internal/services/cart_service.go:107.22,109.3 1 0
github.com/vlahanam/rol-outfit/src/internal/services/cart_service.go:110.2,118.65 2 0
github.com/vlahanam/rol-outfit/src/internal/services/cart_service.go:118.65,120.3 1 0
github.com/vlahanam/rol-outfit/src/internal/services/cart_service.go:121.2,121.18 1 0
github.com/vlahanam/rol-outfit/src/internal/services/cart_service.go:124.121,125.67 1 0
github.com/vlahanam/rol-outfit/src/internal/services/cart_service.go:125.67,127.3 1 0
github.com/vlahanam/rol-outfit/src/internal/services/cart_service.go:128.2,128.101 1 0
github.com/vlahanam/rol-outfit/src/internal/services/cart_service.go:131.84,132.67 1 0
github.com/vlahanam/rol-outfit/src/internal/services/cart_service.go:132.67,134.3 1 0
github.com/vlahanam/rol-outfit/src/internal/services/cart_service.go:135.2,135.51 1 0
github.com/vlahanam/rol-outfit/src/internal/services/cart_service.go:138.93,140.16 2 0
github.com/vlahanam/rol-outfit/src/internal/services/cart_service.go:140.16,142.3 1 0
github.com/vlahanam/rol-outfit/src/internal/services/cart_service.go:143.2,143.17 1 0
github.com/vlahanam/rol-outfit/src/internal/services/cart_service.go:143.17,145.3 1 0
github.com/vlahanam/rol-outfit/src/internal/services/cart_service.go:146.2,147.16 2 0
github.com/vlahanam/rol-outfit/src/internal/services/cart_service.go:147.16,149.3 1 0
github.com/vlahanam/rol-outfit/src/internal/services/cart_service.go:150.2,150.43 1 0
github.com/vlahanam/rol-outfit/src/internal/services/cart_service.go:150.43,152.3 1 0
github.com/vlahanam/rol-outfit/src/internal/services/cart_service.go:153.2,153.12 1 0
github.com/vlahanam/rol-outfit/src/internal/services/category_service.go:34.79,36.2 1 0
github.com/vlahanam/rol-outfit/src/internal/services/category_service.go:38.107,40.2 1 0
github.com/vlahanam/rol-outfit/src/internal/services/category_service.go:42.112,44.2 1 0
github.com/vlahanam/rol-outfit/src/internal/services/category_service.go:46.93,48.16 2 0
github.com/vlahanam/rol-outfit/src/internal/services/category_service.go:48.16,50.3 1 0
github.com/vlahanam/rol-outfit/src/internal/services/category_service.go:51.2,51.14 1 0
github.com/vlahanam/rol-outfit/src/internal/services/category_service.go:51.14,53.3 1 0
github.com/vlahanam/rol-outfit/src/internal/services/category_service.go:54.2,54.15 1 0
github.com/vlahanam/rol-outfit/src/internal/services/category_service.go:57.98,59.16 2 0
github.com/vlahanam/rol-outfit/src/internal/services/category_service.go:59.16,61.3 1 0
github.com/vlahanam/rol-outfit/src/internal/services/category_service.go:62.2,62.14 1 0
github.com/vlahanam/rol-outfit/src/internal/services/category_service.go:62.14,64.3 1 0
github.com/vlahanam/rol-outfit/src/internal/services/category_service.go:65.2,65.15 1 0
github.com/vlahanam/rol-outfit/src/internal/services/category_service.go:68.118,70.16 2 0
github.com/vlahanam/rol-outfit/src/internal/services/category_service.go:70.16,72.3 1 0
github.com/vlahanam/rol-outfit/src/internal/services/category_service.go:74.2,75.16 2 0
github.com/vlahanam/rol-outfit/src/internal/services/category_service.go:75.16,77.3 1 0
github.com/vlahanam/rol-outfit/src/internal/services/category_service.go:78.2,78.21 1 0
github.com/vlahanam/rol-outfit/src/internal/services/category_service.go:78.21,80.3 1 0
github.com/vlahanam/rol-outfit/src/internal/services/category_service.go:82.2,89.54 2 0
github.com/vlahanam/rol-outfit/src/internal/services/category_service.go:89.54,91.3 1 0
github.com/vlahanam/rol-outfit/src/internal/services/category_service.go:92.2,92.15 1 0
github.com/vlahanam/rol-outfit/src/internal/services/category_service.go:95.109,97.16 2 0
github.com/vlahanam/rol-outfit/src/internal/services/category_service.go:97.16,99.3 1 0
github.com/vlahanam/rol-outfit/src/internal/services/category_service.go:100.2,100.21 1 0
github.com/vlahanam/rol-outfit/src/internal/services/category_service.go:100.21,102.3 1 0
github.com/vlahanam/rol-outfit/src/internal/services/category_service.go:104.2,105.21 2 0
github.com/vlahanam/rol-outfit/src/internal/services/category_service.go:105.21,108.17 3 0
github.com/vlahanam/rol-outfit/src/internal/services/category_service.go:108.17,110.4 1 0
github.com/vlahanam/rol-outfit/src/internal/services/category_service.go:111.3,111.37 1 0
github.com/vlahanam/rol-outfit/src/internal/services/category_service.go:111.37,113.4 1 0
github.com/vlahanam/rol-outfit/src/internal/services/category_service.go:114.3,115.27 2 0
github.com/vlahanam/rol-outfit/src/internal/services/category_service.go:117.2,117.28 1 0
github.com/vlahanam/rol-outfit/src/internal/services/category_service.go:117.28,119.3 1 0
github.com/vlahanam/rol-outfit/src/internal/services/category_service.go:120.2,120.23 1 0
github.com/vlahanam/rol-outfit/src/internal/services/category_service.go:120.23,122.3 1 0
github.com/vlahanam/rol-outfit/src/internal/services/category_service.go:124.2,124.22 1 0
github.com/vlahanam/rol-outfit/src/internal/services/category_service.go:124.22,126.3 1 0
github.com/vlahanam/rol-outfit/src/internal/services/category_service.go:127.2,127.47 1 0
github.com/vlahanam/rol-outfit/src/internal/services/category_service.go:130.72,132.16 2 0
github.com/vlahanam/rol-outfit/src/internal/services/category_service.go:132.16,134.3 1 0
github.com/vlahanam/rol-outfit/src/internal/services/category_service.go:135.2,135.21 1 0
github.com/vlahanam/rol-outfit/src/internal/services/category_service.go:135.21,137.3 1 0
github.com/vlahanam/rol-outfit/src/internal/services/category_service.go:138.2,138.43 1 0
github.com/vlahanam/rol-outfit/src/internal/services/order_service.go:48.16,56.2 1 1
github.com/vlahanam/rol-outfit/src/internal/services/order_service.go:58.153,60.16 2 0
github.com/vlahanam/rol-outfit/src/internal/services/order_service.go:60.16,62.3 1 0
github.com/vlahanam/rol-outfit/src/internal/services/order_service.go:64.2,68.66 3 0
github.com/vlahanam/rol-outfit/src/internal/services/order_service.go:68.66,72.17 3 0
github.com/vlahanam/rol-outfit/src/internal/services/order_service.go:72.17,74.4 1 0
github.com/vlahanam/rol-outfit/src/internal/services/order_service.go:75.3,75.26 1 0
github.com/vlahanam/rol-outfit/src/internal/services/order_service.go:75.26,77.4 1 0
github.com/vlahanam/rol-outfit/src/internal/services/order_service.go:79.3,80.34 2 0
github.com/vlahanam/rol-outfit/src/internal/services/order_service.go:80.34,82.4 1 0
github.com/vlahanam/rol-outfit/src/internal/services/order_service.go:84.3,95.32 3 0
github.com/vlahanam/rol-outfit/src/internal/services/order_service.go:95.32,104.4 1 0
github.com/vlahanam/rol-outfit/src/internal/services/order_service.go:106.3,106.56 1 0
github.com/vlahanam/rol-outfit/src/internal/services/order_service.go:106.56,108.4 1 0
github.com/vlahanam/rol-outfit/src/internal/services/order_service.go:109.3,109.66 1 0
github.com/vlahanam/rol-outfit/src/internal/services/order_service.go:109.66,111.4 1 0
github.com/vlahanam/rol-outfit/src/internal/services/order_service.go:112.3,112.40 1 0
github.com/vlahanam/rol-outfit/src/internal/services/order_service.go:114.2,114.16 1 0
github.com/vlahanam/rol-outfit/src/internal/services/order_service.go:114.16,116.3 1 0
github.com/vlahanam/rol-outfit/src/internal/services/order_service.go:118.2,118.31 1 0
github.com/vlahanam/rol-outfit/src/internal/services/order_service.go:121.136,123.16 2 0
github.com/vlahanam/rol-outfit/src/internal/services/order_service.go:123.16,125.3 1 0
github.com/vlahanam/rol-outfit/src/internal/services/order_service.go:126.2,126.18 1 0
github.com/vlahanam/rol-outfit/src/internal/services/order_service.go:126.18,128.3 1 0
github.com/vlahanam/rol-outfit/src/internal/services/order_service.go:129.2,129.40 1 0
github.com/vlahanam/rol-outfit/src/internal/services/order_service.go:129.40,131.3 1 0
github.com/vlahanam/rol-outfit/src/internal/services/order_service.go:132.2,133.16 2 0
github.com/vlahanam/rol-outfit/src/internal/services/order_service.go:133.16,135.3 1 0
github.com/vlahanam/rol-outfit/src/internal/services/order_service.go:136.2,136.26 1 0
github.com/vlahanam/rol-outfit/src/internal/services/order_service.go:139.126,141.2 1 0
github.com/vlahanam/rol-outfit/src/internal/services/order_service.go:143.123,145.2 1 0
github.com/vlahanam/rol-outfit/src/internal/services/order_service.go:147.93,149.16 2 1
github.com/vlahanam/rol-outfit/src/internal/services/order_service.go:149.16,151.3 1 0
github.com/vlahanam/rol-outfit/src/internal/services/order_service.go:152.2,152.18 1 1
github.com/vlahanam/rol-outfit/src/internal/services/order_service.go:152.18,154.3 1 0
github.com/vlahanam/rol-outfit/src/internal/services/order_service.go:155.2,155.88 1 1
github.com/vlahanam/rol-outfit/src/internal/services/order_service.go:158.136,160.16 2 1
github.com/vlahanam/rol-outfit/src/internal/services/order_service.go:160.16,162.3 1 0
github.com/vlahanam/rol-outfit/src/internal/services/order_service.go:163.2,163.18 1 1
github.com/vlahanam/rol-outfit/src/internal/services/order_service.go:163.18,165.3 1 1
github.com/vlahanam/rol-outfit/src/internal/services/order_service.go:166.2,166.28 1 1
github.com/vlahanam/rol-outfit/src/internal/services/order_service.go:166.28,168.3 1 1
github.com/vlahanam/rol-outfit/src/internal/services/order_service.go:169.2,169.49 1 1
github.com/vlahanam/rol-outfit/src/internal/services/order_service.go:169.49,171.3 1 1
github.com/vlahanam/rol-outfit/src/internal/services/order_service.go:173.2,174.32 2 1
github.com/vlahanam/rol-outfit/src/internal/services/order_service.go:174.32,176.3 1 1
github.com/vlahanam/rol-outfit/src/internal/services/order_service.go:177.2,177.22 1 1
github.com/vlahanam/rol-outfit/src/internal/services/order_service.go:177.22,179.3 1 1
github.com/vlahanam/rol-outfit/src/internal/services/order_service.go:180.2,180.21 1 1
github.com/vlahanam/rol-outfit/src/internal/services/order_service.go:180.21,182.3 1 0
github.com/vlahanam/rol-outfit/src/internal/services/order_service.go:184.2,184.22 1 1
github.com/vlahanam/rol-outfit/src/internal/services/order_service.go:184.22,186.3 1 1
github.com/vlahanam/rol-outfit/src/internal/services/order_service.go:187.2,187.54 1 1
github.com/vlahanam/rol-outfit/src/internal/services/order_service.go:190.87,192.16 2 1
github.com/vlahanam/rol-outfit/src/internal/services/order_service.go:192.16,194.3 1 0
github.com/vlahanam/rol-outfit/src/internal/services/order_service.go:195.2,195.18 1 1
github.com/vlahanam/rol-outfit/src/internal/services/order_service.go:195.18,197.3 1 0
github.com/vlahanam/rol-outfit/src/internal/services/order_service.go:198.2,198.28 1 1
github.com/vlahanam/rol-outfit/src/internal/services/order_service.go:198.28,200.3 1 0
github.com/vlahanam/rol-outfit/src/internal/services/order_service.go:201.2,201.49 1 1
github.com/vlahanam/rol-outfit/src/internal/services/order_service.go:201.49,203.3 1 1
github.com/vlahanam/rol-outfit/src/internal/services/order_service.go:204.2,204.111 1 1
github.com/vlahanam/rol-outfit/src/internal/services/product_service.go:34.76,36.2 1 0
github.com/vlahanam/rol-outfit/src/internal/services/product_service.go:38.143,40.2 1 0
github.com/vlahanam/rol-outfit/src/internal/services/product_service.go:42.149,44.2 1 0
github.com/vlahanam/rol-outfit/src/internal/services/product_service.go:46.91,48.16 2 0
github.com/vlahanam/rol-outfit/src/internal/services/product_service.go:48.16,50.3 1 0
github.com/vlahanam/rol-outfit/src/internal/services/product_service.go:51.2,51.14 1 0
github.com/vlahanam/rol-outfit/src/internal/services/product_service.go:51.14,53.3 1 0
github.com/vlahanam/rol-outfit/src/internal/services/product_service.go:54.2,54.15 1 0
github.com/vlahanam/rol-outfit/src/internal/services/product_service.go:57.108,59.16 2 0
github.com/vlahanam/rol-outfit/src/internal/services/product_service.go:59.16,61.3 1 0
github.com/vlahanam/rol-outfit/src/internal/services/product_service.go:62.2,62.15 1 0
github.com/vlahanam/rol-outfit/src/internal/services/product_service.go:62.15,64.3 1 0
github.com/vlahanam/rol-outfit/src/internal/services/product_service.go:65.2,65.16 1 0
github.com/vlahanam/rol-outfit/src/internal/services/product_service.go:68.115,70.16 2 0
github.com/vlahanam/rol-outfit/src/internal/services/product_service.go:70.16,72.3 1 0
github.com/vlahanam/rol-outfit/src/internal/services/product_service.go:74.2,75.16 2 0
github.com/vlahanam/rol-outfit/src/internal/services/product_service.go:75.16,77.3 1 0
github.com/vlahanam/rol-outfit/src/internal/services/product_service.go:78.2,78.21 1 0
github.com/vlahanam/rol-outfit/src/internal/services/product_service.go:78.21,80.3 1 0
github.com/vlahanam/rol-outfit/src/internal/services/product_service.go:82.2,96.53 2 0
github.com/vlahanam/rol-outfit/src/internal/services/product_service.go:96.53,98.3 1 0
github.com/vlahanam/rol-outfit/src/internal/services/product_service.go:99.2,99.15 1 0
github.com/vlahanam/rol-outfit/src/internal/services/product_service.go:102.107,104.16 2 0
github.com/vlahanam/rol-outfit/src/internal/services/product_service.go:104.16,106.3 1 0
github.com/vlahanam/rol-outfit/src/internal/services/product_service.go:107.2,107.21 1 0
github.com/vlahanam/rol-outfit/src/internal/services/product_service.go:107.21,109.3 1 0
github.com/vlahanam/rol-outfit/src/internal/services/product_service.go:111.2,112.21 2 0
github.com/vlahanam/rol-outfit/src/internal/services/product_service.go:112.21,115.17 3 0
github.com/vlahanam/rol-outfit/src/internal/services/product_service.go:115.17,117.4 1 0
github.com/vlahanam/rol-outfit/src/internal/services/product_service.go:118.3,118.37 1 0
github.com/vlahanam/rol-outfit/src/internal/services/product_service.go:118.37,120.4 1 0
github.com/vlahanam/rol-outfit/src/internal/services/product_service.go:121.3,122.27 2 0
github.com/vlahanam/rol-outfit/src/internal/services/product_service.go:124.2,124.27 1 0
github.com/vlahanam/rol-outfit/src/internal/services/product_service.go:124.27,126.3 1 0
github.com/vlahanam/rol-outfit/src/internal/services/product_service.go:127.2,127.29 1 0
github.com/vlahanam/rol-outfit/src/internal/services/product_service.go:127.29,129.3 1 0
github.com/vlahanam/rol-outfit/src/internal/services/product_service.go:130.2,130.28 1 0
github.com/vlahanam/rol-outfit/src/internal/services/product_service.go:130.28,132.3 1 0
github.com/vlahanam/rol-outfit/src/internal/services/product_service.go:133.2,133.23 1 0
github.com/vlahanam/rol-outfit/src/internal/services/product_service.go:133.23,135.3 1 0
github.com/vlahanam/rol-outfit/src/internal/services/product_service.go:136.2,136.31 1 0
github.com/vlahanam/rol-outfit/src/internal/services/product_service.go:136.31,138.3 1 0
github.com/vlahanam/rol-outfit/src/internal/services/product_service.go:139.2,139.23 1 0
github.com/vlahanam/rol-outfit/src/internal/services/product_service.go:139.23,141.3 1 0
github.com/vlahanam/rol-outfit/src/internal/services/product_service.go:142.2,142.32 1 0
github.com/vlahanam/rol-outfit/src/internal/services/product_service.go:142.32,146.3 3 0
github.com/vlahanam/rol-outfit/src/internal/services/product_service.go:148.2,148.22 1 0
github.com/vlahanam/rol-outfit/src/internal/services/product_service.go:148.22,150.3 1 0
github.com/vlahanam/rol-outfit/src/internal/services/product_service.go:151.2,151.46 1 0
github.com/vlahanam/rol-outfit/src/internal/services/product_service.go:154.71,156.16 2 0
github.com/vlahanam/rol-outfit/src/internal/services/product_service.go:156.16,158.3 1 0
github.com/vlahanam/rol-outfit/src/internal/services/product_service.go:159.2,159.21 1 0
github.com/vlahanam/rol-outfit/src/internal/services/product_service.go:159.21,161.3 1 0
github.com/vlahanam/rol-outfit/src/internal/services/product_service.go:162.2,162.42 1 0
github.com/vlahanam/rol-outfit/src/internal/services/product_tag_service.go:33.21,35.2 1 0
github.com/vlahanam/rol-outfit/src/internal/services/product_tag_service.go:37.98,41.28 3 0
github.com/vlahanam/rol-outfit/src/internal/services/product_tag_service.go:41.28,42.29 1 0
github.com/vlahanam/rol-outfit/src/internal/services/product_tag_service.go:42.29,45.4 2 0
github.com/vlahanam/rol-outfit/src/internal/services/product_tag_service.go:47.2,49.21 2 0
github.com/vlahanam/rol-outfit/src/internal/services/product_tag_service.go:49.21,51.3 1 0
github.com/vlahanam/rol-outfit/src/internal/services/product_tag_service.go:53.2,54.16 2 0
github.com/vlahanam/rol-outfit/src/internal/services/product_tag_service.go:54.16,56.3 1 0
github.com/vlahanam/rol-outfit/src/internal/services/product_tag_service.go:57.2,57.20 1 0
github.com/vlahanam/rol-outfit/src/internal/services/product_tag_service.go:57.20,59.3 1 0
github.com/vlahanam/rol-outfit/src/internal/services/product_tag_service.go:61.2,61.21 1 0
github.com/vlahanam/rol-outfit/src/internal/services/product_tag_service.go:61.21,63.17 2 0
github.com/vlahanam/rol-outfit/src/internal/services/product_tag_service.go:63.17,65.4 1 0
github.com/vlahanam/rol-outfit/src/internal/services/product_tag_service.go:66.3,66.32 1 0
github.com/vlahanam/rol-outfit/src/internal/services/product_tag_service.go:66.32,68.4 1 0
github.com/vlahanam/rol-outfit/src/internal/services/product_tag_service.go:71.2,71.58 1 0
github.com/vlahanam/rol-outfit/src/internal/services/product_tag_service.go:74.105,76.2 1 0
github.com/vlahanam/rol-outfit/src/internal/services/product_tag_service.go:78.102,80.2 1 0
github.com/vlahanam/rol-outfit/src/internal/services/product_variant_service.go:34.138,36.2 1 0
github.com/vlahanam/rol-outfit/src/internal/services/product_variant_service.go:39.82,40.25 1 0
github.com/vlahanam/rol-outfit/src/internal/services/product_variant_service.go:40.25,42.3 1 0
github.com/vlahanam/rol-outfit/src/internal/services/product_variant_service.go:43.2,44.52 2 0
github.com/vlahanam/rol-outfit/src/internal/services/product_variant_service.go:44.52,46.3 1 0
github.com/vlahanam/rol-outfit/src/internal/services/product_variant_service.go:47.2,48.30 2 0
github.com/vlahanam/rol-outfit/src/internal/services/product_variant_service.go:48.30,50.3 1 0
github.com/vlahanam/rol-outfit/src/internal/services/product_variant_service.go:51.2,51.33 1 0
github.com/vlahanam/rol-outfit/src/internal/services/product_variant_service.go:51.33,53.3 1 0
github.com/vlahanam/rol-outfit/src/internal/services/product_variant_service.go:54.2,54.26 1 0
github.com/vlahanam/rol-outfit/src/internal/services/product_variant_service.go:54.26,55.29 1 0
github.com/vlahanam/rol-outfit/src/internal/services/product_variant_service.go:55.29,57.4 1 0
github.com/vlahanam/rol-outfit/src/internal/services/product_variant_service.go:59.2,59.12 1 0
github.com/vlahanam/rol-outfit/src/internal/services/product_variant_service.go:62.137,64.2 1 0
github.com/vlahanam/rol-outfit/src/internal/services/product_variant_service.go:66.116,68.16 2 0
github.com/vlahanam/rol-outfit/src/internal/services/product_variant_service.go:68.16,70.3 1 0
github.com/vlahanam/rol-outfit/src/internal/services/product_variant_service.go:71.2,71.14 1 0
github.com/vlahanam/rol-outfit/src/internal/services/product_variant_service.go:71.14,73.3 1 0
github.com/vlahanam/rol-outfit/src/internal/services/product_variant_service.go:74.2,74.30 1 0
github.com/vlahanam/rol-outfit/src/internal/services/product_variant_service.go:74.30,76.3 1 0
github.com/vlahanam/rol-outfit/src/internal/services/product_variant_service.go:77.2,77.15 1 0
github.com/vlahanam/rol-outfit/src/internal/services/product_variant_service.go:80.147,82.16 2 0
github.com/vlahanam/rol-outfit/src/internal/services/product_variant_service.go:82.16,84.3 1 0
github.com/vlahanam/rol-outfit/src/internal/services/product_variant_service.go:85.2,85.20 1 0
github.com/vlahanam/rol-outfit/src/internal/services/product_variant_service.go:85.20,87.3 1 0
github.com/vlahanam/rol-outfit/src/internal/services/product_variant_service.go:88.2,88.83 1 0
github.com/vlahanam/rol-outfit/src/internal/services/product_variant_service.go:88.83,90.3 1 0
github.com/vlahanam/rol-outfit/src/internal/services/product_variant_service.go:92.2,104.53 2 0
github.com/vlahanam/rol-outfit/src/internal/services/product_variant_service.go:104.53,106.3 1 0
github.com/vlahanam/rol-outfit/src/internal/services/product_variant_service.go:107.2,107.15 1 0
github.com/vlahanam/rol-outfit/src/internal/services/product_variant_service.go:110.125,112.16 2 0
github.com/vlahanam/rol-outfit/src/internal/services/product_variant_service.go:112.16,114.3 1 0
github.com/vlahanam/rol-outfit/src/internal/services/product_variant_service.go:115.2,115.21 1 0
github.com/vlahanam/rol-outfit/src/internal/services/product_variant_service.go:115.21,117.3 1 0
github.com/vlahanam/rol-outfit/src/internal/services/product_variant_service.go:118.2,118.37 1 0
github.com/vlahanam/rol-outfit/src/internal/services/product_variant_service.go:118.37,120.3 1 0
github.com/vlahanam/rol-outfit/src/internal/services/product_variant_service.go:122.2,123.29 2 0
github.com/vlahanam/rol-outfit/src/internal/services/product_variant_service.go:123.29,125.17 2 0
github.com/vlahanam/rol-outfit/src/internal/services/product_variant_service.go:125.17,127.4 1 0
github.com/vlahanam/rol-outfit/src/internal/services/product_variant_service.go:128.3,128.21 1 0
github.com/vlahanam/rol-outfit/src/internal/services/product_variant_service.go:128.21,130.4 1 0
github.com/vlahanam/rol-outfit/src/internal/services/product_variant_service.go:131.3,131.84 1 0
github.com/vlahanam/rol-outfit/src/internal/services/product_variant_service.go:131.84,133.4 1 0
github.com/vlahanam/rol-outfit/src/internal/services/product_variant_service.go:134.3,134.40 1 0
github.com/vlahanam/rol-outfit/src/internal/services/product_variant_service.go:136.2,136.22 1 0
github.com/vlahanam/rol-outfit/src/internal/services/product_variant_service.go:136.22,138.3 1 0
github.com/vlahanam/rol-outfit/src/internal/services/product_variant_service.go:139.2,139.22 1 0
github.com/vlahanam/rol-outfit/src/internal/services/product_variant_service.go:139.22,141.3 1 0
github.com/vlahanam/rol-outfit/src/internal/services/product_variant_service.go:142.2,142.23 1 0
github.com/vlahanam/rol-outfit/src/internal/services/product_variant_service.go:142.23,144.3 1 0
github.com/vlahanam/rol-outfit/src/internal/services/product_variant_service.go:145.2,145.23 1 0
github.com/vlahanam/rol-outfit/src/internal/services/product_variant_service.go:145.23,147.3 1 0
github.com/vlahanam/rol-outfit/src/internal/services/product_variant_service.go:148.2,148.32 1 0
github.com/vlahanam/rol-outfit/src/internal/services/product_variant_service.go:148.32,152.3 3 0
github.com/vlahanam/rol-outfit/src/internal/services/product_variant_service.go:154.2,154.22 1 0
github.com/vlahanam/rol-outfit/src/internal/services/product_variant_service.go:154.22,156.3 1 0
github.com/vlahanam/rol-outfit/src/internal/services/product_variant_service.go:157.2,157.46 1 0
github.com/vlahanam/rol-outfit/src/internal/services/product_variant_service.go:160.89,162.16 2 0
github.com/vlahanam/rol-outfit/src/internal/services/product_variant_service.go:162.16,164.3 1 0
github.com/vlahanam/rol-outfit/src/internal/services/product_variant_service.go:165.2,165.21 1 0
github.com/vlahanam/rol-outfit/src/internal/services/product_variant_service.go:165.21,167.3 1 0
github.com/vlahanam/rol-outfit/src/internal/services/product_variant_service.go:168.2,168.37 1 0
github.com/vlahanam/rol-outfit/src/internal/services/product_variant_service.go:168.37,170.3 1 0
github.com/vlahanam/rol-outfit/src/internal/services/product_variant_service.go:171.2,171.38 1 0
github.com/vlahanam/rol-outfit/src/internal/services/tag_service.go:36.64,38.2 1 0
github.com/vlahanam/rol-outfit/src/internal/services/tag_service.go:40.97,42.2 1 0
github.com/vlahanam/rol-outfit/src/internal/services/tag_service.go:44.102,46.2 1 0
github.com/vlahanam/rol-outfit/src/internal/services/tag_service.go:48.83,50.16 2 0
github.com/vlahanam/rol-outfit/src/internal/services/tag_service.go:50.16,52.3 1 0
github.com/vlahanam/rol-outfit/src/internal/services/tag_service.go:53.2,53.14 1 0
github.com/vlahanam/rol-outfit/src/internal/services/tag_service.go:53.14,55.3 1 0
github.com/vlahanam/rol-outfit/src/internal/services/tag_service.go:56.2,56.15 1 0
github.com/vlahanam/rol-outfit/src/internal/services/tag_service.go:59.88,61.16 2 0
github.com/vlahanam/rol-outfit/src/internal/services/tag_service.go:61.16,63.3 1 0
github.com/vlahanam/rol-outfit/src/internal/services/tag_service.go:64.2,64.14 1 0
github.com/vlahanam/rol-outfit/src/internal/services/tag_service.go:64.14,66.3 1 0
github.com/vlahanam/rol-outfit/src/internal/services/tag_service.go:67.2,67.15 1 0
github.com/vlahanam/rol-outfit/src/internal/services/tag_service.go:70.103,71.78 1 0
github.com/vlahanam/rol-outfit/src/internal/services/tag_service.go:71.78,73.3 1 0
github.com/vlahanam/rol-outfit/src/internal/services/tag_service.go:75.2,77.16 3 0
github.com/vlahanam/rol-outfit/src/internal/services/tag_service.go:77.16,79.3 1 0
github.com/vlahanam/rol-outfit/src/internal/services/tag_service.go:80.2,80.21 1 0
github.com/vlahanam/rol-outfit/src/internal/services/tag_service.go:80.21,82.3 1 0
github.com/vlahanam/rol-outfit/src/internal/services/tag_service.go:84.2,91.49 2 0
github.com/vlahanam/rol-outfit/src/internal/services/tag_service.go:91.49,93.3 1 0
github.com/vlahanam/rol-outfit/src/internal/services/tag_service.go:94.2,94.15 1 0
github.com/vlahanam/rol-outfit/src/internal/services/tag_service.go:97.99,99.16 2 0
github.com/vlahanam/rol-outfit/src/internal/services/tag_service.go:99.16,101.3 1 0
github.com/vlahanam/rol-outfit/src/internal/services/tag_service.go:102.2,102.21 1 0
github.com/vlahanam/rol-outfit/src/internal/services/tag_service.go:102.21,104.3 1 0
github.com/vlahanam/rol-outfit/src/internal/services/tag_service.go:106.2,108.24 3 0
github.com/vlahanam/rol-outfit/src/internal/services/tag_service.go:108.24,110.3 1 0
github.com/vlahanam/rol-outfit/src/internal/services/tag_service.go:111.2,111.22 1 0
github.com/vlahanam/rol-outfit/src/internal/services/tag_service.go:111.22,113.3 1 0
github.com/vlahanam/rol-outfit/src/internal/services/tag_service.go:114.2,114.62 1 0
github.com/vlahanam/rol-outfit/src/internal/services/tag_service.go:114.62,116.3 1 0
github.com/vlahanam/rol-outfit/src/internal/services/tag_service.go:118.2,119.21 2 0
github.com/vlahanam/rol-outfit/src/internal/services/tag_service.go:119.21,122.17 3 0
github.com/vlahanam/rol-outfit/src/internal/services/tag_service.go:122.17,124.4 1 0
github.com/vlahanam/rol-outfit/src/internal/services/tag_service.go:125.3,125.37 1 0
github.com/vlahanam/rol-outfit/src/internal/services/tag_service.go:125.37,127.4 1 0
github.com/vlahanam/rol-outfit/src/internal/services/tag_service.go:128.3,129.27 2 0
github.com/vlahanam/rol-outfit/src/internal/services/tag_service.go:131.2,131.24 1 0
github.com/vlahanam/rol-outfit/src/internal/services/tag_service.go:131.24,133.3 1 0
github.com/vlahanam/rol-outfit/src/internal/services/tag_service.go:134.2,134.22 1 0
github.com/vlahanam/rol-outfit/src/internal/services/tag_service.go:134.22,136.3 1 0
github.com/vlahanam/rol-outfit/src/internal/services/tag_service.go:138.2,138.58 1 0
github.com/vlahanam/rol-outfit/src/internal/services/tag_service.go:138.58,139.47 1 0
github.com/vlahanam/rol-outfit/src/internal/services/tag_service.go:139.47,141.4 1 0
github.com/vlahanam/rol-outfit/src/internal/services/tag_service.go:142.3,142.53 1 0
github.com/vlahanam/rol-outfit/src/internal/services/tag_service.go:144.2,144.12 1 0
github.com/vlahanam/rol-outfit/src/internal/services/tag_service.go:147.67,149.16 2 0
github.com/vlahanam/rol-outfit/src/internal/services/tag_service.go:149.16,151.3 1 0
github.com/vlahanam/rol-outfit/src/internal/services/tag_service.go:152.2,152.21 1 0
github.com/vlahanam/rol-outfit/src/internal/services/tag_service.go:152.21,154.3 1 0
github.com/vlahanam/rol-outfit/src/internal/services/tag_service.go:155.2,155.50 1 0
github.com/vlahanam/rol-outfit/src/internal/services/tag_service.go:155.50,156.47 1 0
github.com/vlahanam/rol-outfit/src/internal/services/tag_service.go:156.47,158.4 1 0
github.com/vlahanam/rol-outfit/src/internal/services/tag_service.go:159.3,159.53 1 0
github.com/vlahanam/rol-outfit/src/internal/services/tag_service.go:161.2,161.12 1 0
github.com/vlahanam/rol-outfit/src/internal/services/upload_service.go:39.66,41.2 1 0
github.com/vlahanam/rol-outfit/src/internal/services/upload_service.go:43.87,44.23 1 0
github.com/vlahanam/rol-outfit/src/internal/services/upload_service.go:44.23,46.3 1 0
github.com/vlahanam/rol-outfit/src/internal/services/upload_service.go:48.2,49.16 2 0
github.com/vlahanam/rol-outfit/src/internal/services/upload_service.go:49.16,51.3 1 0
github.com/vlahanam/rol-outfit/src/internal/services/upload_service.go:52.2,57.33 4 0
github.com/vlahanam/rol-outfit/src/internal/services/upload_service.go:57.33,59.3 1 0
github.com/vlahanam/rol-outfit/src/internal/services/upload_service.go:60.2,62.9 3 0
github.com/vlahanam/rol-outfit/src/internal/services/upload_service.go:62.9,64.3 1 0
github.com/vlahanam/rol-outfit/src/internal/services/upload_service.go:65.2,65.53 1 0
github.com/vlahanam/rol-outfit/src/internal/services/upload_service.go:65.53,67.3 1 0
github.com/vlahanam/rol-outfit/src/internal/services/upload_service.go:69.2,69.56 1 0
github.com/vlahanam/rol-outfit/src/internal/services/upload_service.go:69.56,71.3 1 0
github.com/vlahanam/rol-outfit/src/internal/services/upload_service.go:73.2,77.16 4 0
github.com/vlahanam/rol-outfit/src/internal/services/upload_service.go:77.16,79.3 1 0
github.com/vlahanam/rol-outfit/src/internal/services/upload_service.go:82.2,83.15 2 0
github.com/vlahanam/rol-outfit/src/internal/services/upload_service.go:83.15,85.15 2 0
github.com/vlahanam/rol-outfit/src/internal/services/upload_service.go:85.15,87.4 1 0
github.com/vlahanam/rol-outfit/src/internal/services/upload_service.go:90.2,90.45 1 0
github.com/vlahanam/rol-outfit/src/internal/services/upload_service.go:90.45,92.3 1 0
github.com/vlahanam/rol-outfit/src/internal/services/upload_service.go:94.2,95.42 2 0
github.com/vlahanam/rol-outfit/src/internal/services/upload_service.go:98.55,99.42 1 0
github.com/vlahanam/rol-outfit/src/internal/services/upload_service.go:99.42,101.3 1 0
github.com/vlahanam/rol-outfit/src/internal/services/upload_service.go:102.2,104.84 2 0
github.com/vlahanam/rol-outfit/src/internal/services/upload_service.go:104.84,106.3 1 0
github.com/vlahanam/rol-outfit/src/internal/services/upload_service.go:107.2,107.40 1 0
github.com/vlahanam/rol-outfit/src/internal/services/upload_service.go:107.40,108.25 1 0
github.com/vlahanam/rol-outfit/src/internal/services/upload_service.go:108.25,110.4 1 0
github.com/vlahanam/rol-outfit/src/internal/services/upload_service.go:111.3,111.44 1 0
github.com/vlahanam/rol-outfit/src/internal/services/upload_service.go:113.2,113.12 1 0
github.com/vlahanam/rol-outfit/src/internal/services/user_address_service.go:32.88,34.2 1 0
github.com/vlahanam/rol-outfit/src/internal/services/user_address_service.go:36.102,38.2 1 0
github.com/vlahanam/rol-outfit/src/internal/services/user_address_service.go:40.138,48.65 2 0
github.com/vlahanam/rol-outfit/src/internal/services/user_address_service.go:48.65,49.58 1 0
github.com/vlahanam/rol-outfit/src/internal/services/user_address_service.go:49.58,51.4 1 0
github.com/vlahanam/rol-outfit/src/internal/services/user_address_service.go:52.3,52.62 1 0
github.com/vlahanam/rol-outfit/src/internal/services/user_address_service.go:54.2,54.21 1 0
github.com/vlahanam/rol-outfit/src/internal/services/user_address_service.go:57.126,58.66 1 0
github.com/vlahanam/rol-outfit/src/internal/services/user_address_service.go:58.66,60.3 1 0
github.com/vlahanam/rol-outfit/src/internal/services/user_address_service.go:62.2,63.30 2 0
github.com/vlahanam/rol-outfit/src/internal/services/user_address_service.go:63.30,65.3 1 0
github.com/vlahanam/rol-outfit/src/internal/services/user_address_service.go:66.2,66.22 1 0
github.com/vlahanam/rol-outfit/src/internal/services/user_address_service.go:66.22,68.3 1 0
github.com/vlahanam/rol-outfit/src/internal/services/user_address_service.go:69.2,69.24 1 0
github.com/vlahanam/rol-outfit/src/internal/services/user_address_service.go:69.24,71.3 1 0
github.com/vlahanam/rol-outfit/src/internal/services/user_address_service.go:73.2,73.22 1 0
github.com/vlahanam/rol-outfit/src/internal/services/user_address_service.go:73.22,75.3 1 0
github.com/vlahanam/rol-outfit/src/internal/services/user_address_service.go:77.2,77.53 1 0
github.com/vlahanam/rol-outfit/src/internal/services/user_address_service.go:80.90,82.16 2 0
github.com/vlahanam/rol-outfit/src/internal/services/user_address_service.go:82.16,84.3 1 0
github.com/vlahanam/rol-outfit/src/internal/services/user_address_service.go:85.2,85.20 1 0
github.com/vlahanam/rol-outfit/src/internal/services/user_address_service.go:85.20,87.3 1 0
github.com/vlahanam/rol-outfit/src/internal/services/user_address_service.go:88.2,88.30 1 0
github.com/vlahanam/rol-outfit/src/internal/services/user_address_service.go:88.30,90.3 1 0
github.com/vlahanam/rol-outfit/src/internal/services/user_address_service.go:92.2,92.23 1 0
github.com/vlahanam/rol-outfit/src/internal/services/user_address_service.go:92.23,94.17 2 0
github.com/vlahanam/rol-outfit/src/internal/services/user_address_service.go:94.17,96.4 1 0
github.com/vlahanam/rol-outfit/src/internal/services/user_address_service.go:97.3,97.16 1 0
github.com/vlahanam/rol-outfit/src/internal/services/user_address_service.go:97.16,99.4 1 0
github.com/vlahanam/rol-outfit/src/internal/services/user_address_service.go:102.2,102.49 1 0
github.com/vlahanam/rol-outfit/src/internal/services/user_address_service.go:105.94,106.66 1 0
github.com/vlahanam/rol-outfit/src/internal/services/user_address_service.go:106.66,108.3 1 0
github.com/vlahanam/rol-outfit/src/internal/services/user_address_service.go:109.2,109.57 1 0
github.com/vlahanam/rol-outfit/src/internal/services/user_address_service.go:112.99,114.16 2 0
github.com/vlahanam/rol-outfit/src/internal/services/user_address_service.go:114.16,116.3 1 0
github.com/vlahanam/rol-outfit/src/internal/services/user_address_service.go:117.2,117.20 1 0
github.com/vlahanam/rol-outfit/src/internal/services/user_address_service.go:117.20,119.3 1 0
github.com/vlahanam/rol-outfit/src/internal/services/user_address_service.go:120.2,120.30 1 0
github.com/vlahanam/rol-outfit/src/internal/services/user_address_service.go:120.30,122.3 1 0
github.com/vlahanam/rol-outfit/src/internal/services/user_address_service.go:123.2,123.12 1 0
github.com/vlahanam/rol-outfit/src/internal/services/user_service.go:34.67,36.2 1 0
github.com/vlahanam/rol-outfit/src/internal/services/user_service.go:38.111,40.16 2 0
github.com/vlahanam/rol-outfit/src/internal/services/user_service.go:40.16,42.3 1 0
github.com/vlahanam/rol-outfit/src/internal/services/user_service.go:43.2,43.21 1 0
github.com/vlahanam/rol-outfit/src/internal/services/user_service.go:43.21,45.3 1 0
github.com/vlahanam/rol-outfit/src/internal/services/user_service.go:47.2,47.21 1 0
github.com/vlahanam/rol-outfit/src/internal/services/user_service.go:47.21,49.17 2 0
github.com/vlahanam/rol-outfit/src/internal/services/user_service.go:49.17,51.4 1 0
github.com/vlahanam/rol-outfit/src/internal/services/user_service.go:52.3,52.24 1 0
github.com/vlahanam/rol-outfit/src/internal/services/user_service.go:52.24,54.4 1 0
github.com/vlahanam/rol-outfit/src/internal/services/user_service.go:57.2,58.16 2 0
github.com/vlahanam/rol-outfit/src/internal/services/user_service.go:58.16,60.3 1 0
github.com/vlahanam/rol-outfit/src/internal/services/user_service.go:62.2,63.21 2 0
github.com/vlahanam/rol-outfit/src/internal/services/user_service.go:63.21,65.3 1 0
github.com/vlahanam/rol-outfit/src/internal/services/user_service.go:66.2,67.23 2 0
github.com/vlahanam/rol-outfit/src/internal/services/user_service.go:67.23,69.3 1 0
github.com/vlahanam/rol-outfit/src/internal/services/user_service.go:71.2,80.49 2 0
github.com/vlahanam/rol-outfit/src/internal/services/user_service.go:80.49,81.53 1 0
github.com/vlahanam/rol-outfit/src/internal/services/user_service.go:81.53,83.4 1 0
github.com/vlahanam/rol-outfit/src/internal/services/user_service.go:84.3,84.53 1 0
github.com/vlahanam/rol-outfit/src/internal/services/user_service.go:84.53,86.4 1 0
github.com/vlahanam/rol-outfit/src/internal/services/user_service.go:87.3,87.59 1 0
github.com/vlahanam/rol-outfit/src/internal/services/user_service.go:89.2,89.18 1 0
github.com/vlahanam/rol-outfit/src/internal/services/user_service.go:92.99,94.2 1 0
github.com/vlahanam/rol-outfit/src/internal/services/user_service.go:96.85,98.16 2 0
github.com/vlahanam/rol-outfit/src/internal/services/user_service.go:98.16,100.3 1 0
github.com/vlahanam/rol-outfit/src/internal/services/user_service.go:101.2,101.14 1 0
github.com/vlahanam/rol-outfit/src/internal/services/user_service.go:101.14,103.3 1 0
github.com/vlahanam/rol-outfit/src/internal/services/user_service.go:104.2,104.15 1 0
github.com/vlahanam/rol-outfit/src/internal/services/user_service.go:107.101,109.16 2 0
github.com/vlahanam/rol-outfit/src/internal/services/user_service.go:109.16,111.3 1 0
github.com/vlahanam/rol-outfit/src/internal/services/user_service.go:112.2,112.21 1 0
github.com/vlahanam/rol-outfit/src/internal/services/user_service.go:112.21,114.3 1 0
github.com/vlahanam/rol-outfit/src/internal/services/user_service.go:117.2,117.54 1 0
github.com/vlahanam/rol-outfit/src/internal/services/user_service.go:117.54,119.17 2 0
github.com/vlahanam/rol-outfit/src/internal/services/user_service.go:119.17,121.4 1 0
github.com/vlahanam/rol-outfit/src/internal/services/user_service.go:122.3,122.19 1 0
github.com/vlahanam/rol-outfit/src/internal/services/user_service.go:122.19,124.4 1 0
github.com/vlahanam/rol-outfit/src/internal/services/user_service.go:128.2,128.74 1 0
github.com/vlahanam/rol-outfit/src/internal/services/user_service.go:128.74,130.17 2 0
github.com/vlahanam/rol-outfit/src/internal/services/user_service.go:130.17,132.4 1 0
github.com/vlahanam/rol-outfit/src/internal/services/user_service.go:133.3,133.24 1 0
github.com/vlahanam/rol-outfit/src/internal/services/user_service.go:133.24,135.4 1 0
github.com/vlahanam/rol-outfit/src/internal/services/user_service.go:138.2,139.25 2 0
github.com/vlahanam/rol-outfit/src/internal/services/user_service.go:139.25,141.3 1 0
github.com/vlahanam/rol-outfit/src/internal/services/user_service.go:142.2,142.22 1 0
github.com/vlahanam/rol-outfit/src/internal/services/user_service.go:142.22,144.3 1 0
github.com/vlahanam/rol-outfit/src/internal/services/user_service.go:145.2,145.22 1 0
github.com/vlahanam/rol-outfit/src/internal/services/user_service.go:145.22,147.3 1 0
github.com/vlahanam/rol-outfit/src/internal/services/user_service.go:148.2,148.21 1 0
github.com/vlahanam/rol-outfit/src/internal/services/user_service.go:148.21,150.3 1 0
github.com/vlahanam/rol-outfit/src/internal/services/user_service.go:151.2,151.23 1 0
github.com/vlahanam/rol-outfit/src/internal/services/user_service.go:151.23,153.3 1 0
github.com/vlahanam/rol-outfit/src/internal/services/user_service.go:155.2,155.22 1 0
github.com/vlahanam/rol-outfit/src/internal/services/user_service.go:155.22,157.3 1 0
github.com/vlahanam/rol-outfit/src/internal/services/user_service.go:158.2,158.55 1 0
github.com/vlahanam/rol-outfit/src/internal/services/user_service.go:158.55,159.47 1 0
github.com/vlahanam/rol-outfit/src/internal/services/user_service.go:159.47,161.4 1 0
github.com/vlahanam/rol-outfit/src/internal/services/user_service.go:162.3,162.53 1 0
github.com/vlahanam/rol-outfit/src/internal/services/user_service.go:162.53,164.4 1 0
github.com/vlahanam/rol-outfit/src/internal/services/user_service.go:165.3,165.53 1 0
github.com/vlahanam/rol-outfit/src/internal/services/user_service.go:165.53,167.4 1 0
github.com/vlahanam/rol-outfit/src/internal/services/user_service.go:168.3,168.54 1 0
github.com/vlahanam/rol-outfit/src/internal/services/user_service.go:170.2,170.12 1 0
github.com/vlahanam/rol-outfit/src/internal/services/user_service.go:173.101,175.16 2 0
github.com/vlahanam/rol-outfit/src/internal/services/user_service.go:175.16,177.3 1 0
github.com/vlahanam/rol-outfit/src/internal/services/user_service.go:178.2,178.21 1 0
github.com/vlahanam/rol-outfit/src/internal/services/user_service.go:178.21,180.3 1 0
github.com/vlahanam/rol-outfit/src/internal/services/user_service.go:182.2,183.25 2 0
github.com/vlahanam/rol-outfit/src/internal/services/user_service.go:183.25,185.3 1 0
github.com/vlahanam/rol-outfit/src/internal/services/user_service.go:186.2,186.22 1 0
github.com/vlahanam/rol-outfit/src/internal/services/user_service.go:186.22,188.3 1 0
github.com/vlahanam/rol-outfit/src/internal/services/user_service.go:190.2,190.22 1 0
github.com/vlahanam/rol-outfit/src/internal/services/user_service.go:190.22,192.3 1 0
github.com/vlahanam/rol-outfit/src/internal/services/user_service.go:193.2,193.39 1 0
github.com/vlahanam/rol-outfit/src/internal/services/user_service.go:196.68,198.16 2 0
github.com/vlahanam/rol-outfit/src/internal/services/user_service.go:198.16,200.3 1 0
github.com/vlahanam/rol-outfit/src/internal/services/user_service.go:201.2,201.21 1 0
github.com/vlahanam/rol-outfit/src/internal/services/user_service.go:201.21,203.3 1 0
github.com/vlahanam/rol-outfit/src/internal/services/user_service.go:204.2,204.35 1 0
github.com/vlahanam/rol-outfit/src/internal/services/widget_service.go:30.73,32.2 1 0
github.com/vlahanam/rol-outfit/src/internal/services/widget_service.go:34.121,36.2 1 0
github.com/vlahanam/rol-outfit/src/internal/services/widget_service.go:38.126,40.2 1 0
github.com/vlahanam/rol-outfit/src/internal/services/widget_service.go:42.89,44.16 2 0
github.com/vlahanam/rol-outfit/src/internal/services/widget_service.go:44.16,46.3 1 0
github.com/vlahanam/rol-outfit/src/internal/services/widget_service.go:47.2,47.14 1 0
github.com/vlahanam/rol-outfit/src/internal/services/widget_service.go:47.14,49.3 1 0
github.com/vlahanam/rol-outfit/src/internal/services/widget_service.go:50.2,50.15 1 0
github.com/vlahanam/rol-outfit/src/internal/services/widget_service.go:53.94,55.16 2 0
github.com/vlahanam/rol-outfit/src/internal/services/widget_service.go:55.16,57.3 1 0
github.com/vlahanam/rol-outfit/src/internal/services/widget_service.go:58.2,58.14 1 0
github.com/vlahanam/rol-outfit/src/internal/services/widget_service.go:58.14,60.3 1 0
github.com/vlahanam/rol-outfit/src/internal/services/widget_service.go:61.2,61.15 1 0
github.com/vlahanam/rol-outfit/src/internal/services/widget_service.go:64.112,66.25 2 0
github.com/vlahanam/rol-outfit/src/internal/services/widget_service.go:66.25,68.17 2 0
github.com/vlahanam/rol-outfit/src/internal/services/widget_service.go:68.17,70.4 1 0
github.com/vlahanam/rol-outfit/src/internal/services/widget_service.go:71.3,71.20 1 0
github.com/vlahanam/rol-outfit/src/internal/services/widget_service.go:71.20,73.4 1 0
github.com/vlahanam/rol-outfit/src/internal/services/widget_service.go:74.3,74.27 1 0
github.com/vlahanam/rol-outfit/src/internal/services/widget_service.go:77.2,78.16 2 0
github.com/vlahanam/rol-outfit/src/internal/services/widget_service.go:78.16,80.3 1 0
github.com/vlahanam/rol-outfit/src/internal/services/widget_service.go:82.2,93.52 2 0
github.com/vlahanam/rol-outfit/src/internal/services/widget_service.go:93.52,95.3 1 0
github.com/vlahanam/rol-outfit/src/internal/services/widget_service.go:96.2,96.15 1 0
github.com/vlahanam/rol-outfit/src/internal/services/widget_service.go:99.105,101.16 2 0
github.com/vlahanam/rol-outfit/src/internal/services/widget_service.go:101.16,103.3 1 0
github.com/vlahanam/rol-outfit/src/internal/services/widget_service.go:104.2,104.21 1 0
github.com/vlahanam/rol-outfit/src/internal/services/widget_service.go:104.21,106.3 1 0
github.com/vlahanam/rol-outfit/src/internal/services/widget_service.go:108.2,109.21 2 0
github.com/vlahanam/rol-outfit/src/internal/services/widget_service.go:109.21,111.3 1 0
github.com/vlahanam/rol-outfit/src/internal/services/widget_service.go:112.2,112.21 1 0
github.com/vlahanam/rol-outfit/src/internal/services/widget_service.go:112.21,114.3 1 0
github.com/vlahanam/rol-outfit/src/internal/services/widget_service.go:115.2,115.29 1 0
github.com/vlahanam/rol-outfit/src/internal/services/widget_service.go:115.29,117.3 1 0
github.com/vlahanam/rol-outfit/src/internal/services/widget_service.go:118.2,118.23 1 0
github.com/vlahanam/rol-outfit/src/internal/services/widget_service.go:118.23,120.3 1 0
github.com/vlahanam/rol-outfit/src/internal/services/widget_service.go:121.2,121.25 1 0
github.com/vlahanam/rol-outfit/src/internal/services/widget_service.go:121.25,123.3 1 0
github.com/vlahanam/rol-outfit/src/internal/services/widget_service.go:124.2,124.25 1 0
github.com/vlahanam/rol-outfit/src/internal/services/widget_service.go:124.25,126.3 1 0
github.com/vlahanam/rol-outfit/src/internal/services/widget_service.go:128.2,128.22 1 0
github.com/vlahanam/rol-outfit/src/internal/services/widget_service.go:128.22,130.3 1 0
github.com/vlahanam/rol-outfit/src/internal/services/widget_service.go:131.2,131.45 1 0
github.com/vlahanam/rol-outfit/src/internal/services/widget_service.go:134.70,136.16 2 0
github.com/vlahanam/rol-outfit/src/internal/services/widget_service.go:136.16,138.3 1 0
github.com/vlahanam/rol-outfit/src/internal/services/widget_service.go:139.2,139.21 1 0
github.com/vlahanam/rol-outfit/src/internal/services/widget_service.go:139.21,141.3 1 0
github.com/vlahanam/rol-outfit/src/internal/services/widget_service.go:142.2,142.37 1 0
github.com/vlahanam/rol-outfit/src/internal/requests/auth_request.go:14.38,16.2 1 0
github.com/vlahanam/rol-outfit/src/internal/requests/auth_request.go:33.43,41.48 1 0
github.com/vlahanam/rol-outfit/src/internal/requests/auth_request.go:41.48,42.48 1 0
github.com/vlahanam/rol-outfit/src/internal/requests/auth_request.go:42.48,44.6 1 0
github.com/vlahanam/rol-outfit/src/internal/requests/auth_request.go:45.5,45.15 1 0
github.com/vlahanam/rol-outfit/src/internal/requests/auth_request.go:60.40,64.48 1 0
github.com/vlahanam/rol-outfit/src/internal/requests/auth_request.go:64.48,65.48 1 0
github.com/vlahanam/rol-outfit/src/internal/requests/auth_request.go:65.48,67.6 1 0
github.com/vlahanam/rol-outfit/src/internal/requests/auth_request.go:68.5,68.15 1 0
github.com/vlahanam/rol-outfit/src/internal/requests/auth_request.go:82.42,88.2 1 0
github.com/vlahanam/rol-outfit/src/internal/requests/cart_request.go:11.46,20.2 1 0
github.com/vlahanam/rol-outfit/src/internal/requests/cart_request.go:26.49,32.2 1 0
github.com/vlahanam/rol-outfit/src/internal/requests/category_request.go:10.49,17.2 1 0
github.com/vlahanam/rol-outfit/src/internal/requests/category_request.go:25.49,26.19 1 0
github.com/vlahanam/rol-outfit/src/internal/requests/category_request.go:26.19,29.17 1 0
github.com/vlahanam/rol-outfit/src/internal/requests/category_request.go:29.17,31.4 1 0
github.com/vlahanam/rol-outfit/src/internal/requests/category_request.go:33.2,33.12 1 0
github.com/vlahanam/rol-outfit/src/internal/requests/order_request.go:11.46,21.2 1 0
github.com/vlahanam/rol-outfit/src/internal/requests/order_request.go:27.52,35.2 1 0
github.com/vlahanam/rol-outfit/src/internal/requests/order_request.go:43.54,44.20 1 0
github.com/vlahanam/rol-outfit/src/internal/requests/order_request.go:44.20,47.17 1 0
github.com/vlahanam/rol-outfit/src/internal/requests/order_request.go:47.17,49.4 1 0
github.com/vlahanam/rol-outfit/src/internal/requests/order_request.go:51.2,51.12 1 0
github.com/vlahanam/rol-outfit/src/internal/requests/product_request.go:9.58,10.55 1 0
github.com/vlahanam/rol-outfit/src/internal/requests/product_request.go:10.55,12.3 1 0
github.com/vlahanam/rol-outfit/src/internal/requests/product_request.go:13.2,13.12 1 0
github.com/vlahanam/rol-outfit/src/internal/requests/product_request.go:28.48,47.16 1 0
github.com/vlahanam/rol-outfit/src/internal/requests/product_request.go:47.16,49.3 1 0
github.com/vlahanam/rol-outfit/src/internal/requests/product_request.go:50.2,50.67 1 0
github.com/vlahanam/rol-outfit/src/internal/requests/product_request.go:66.48,67.19 1 0
github.com/vlahanam/rol-outfit/src/internal/requests/product_request.go:67.19,70.17 1 0
github.com/vlahanam/rol-outfit/src/internal/requests/product_request.go:70.17,72.4 1 0
github.com/vlahanam/rol-outfit/src/internal/requests/product_request.go:74.2,74.27 1 0
github.com/vlahanam/rol-outfit/src/internal/requests/product_request.go:74.27,77.17 1 0
github.com/vlahanam/rol-outfit/src/internal/requests/product_request.go:77.17,79.4 1 0
github.com/vlahanam/rol-outfit/src/internal/requests/product_request.go:81.2,81.30 1 0
github.com/vlahanam/rol-outfit/src/internal/requests/product_request.go:81.30,85.17 1 0
github.com/vlahanam/rol-outfit/src/internal/requests/product_request.go:85.17,87.4 1 0
github.com/vlahanam/rol-outfit/src/internal/requests/product_request.go:88.3,88.84 1 0
github.com/vlahanam/rol-outfit/src/internal/requests/product_request.go:88.84,90.4 1 0
github.com/vlahanam/rol-outfit/src/internal/requests/product_request.go:92.2,92.12 1 0
github.com/vlahanam/rol-outfit/src/internal/requests/product_tag_request.go:9.52,13.2 1 0
github.com/vlahanam/rol-outfit/src/internal/requests/product_variant_request.go:10.65,11.55 1 0
github.com/vlahanam/rol-outfit/src/internal/requests/product_variant_request.go:11.55,13.3 1 0
github.com/vlahanam/rol-outfit/src/internal/requests/product_variant_request.go:14.2,14.12 1 0
github.com/vlahanam/rol-outfit/src/internal/requests/product_variant_request.go:27.48,43.16 1 0
github.com/vlahanam/rol-outfit/src/internal/requests/product_variant_request.go:43.16,45.3 1 0
github.com/vlahanam/rol-outfit/src/internal/requests/product_variant_request.go:46.2,46.74 1 0
github.com/vlahanam/rol-outfit/src/internal/requests/product_variant_request.go:60.48,61.27 1 0
github.com/vlahanam/rol-outfit/src/internal/requests/product_variant_request.go:61.27,64.17 1 0
github.com/vlahanam/rol-outfit/src/internal/requests/product_variant_request.go:64.17,66.4 1 0
github.com/vlahanam/rol-outfit/src/internal/requests/product_variant_request.go:68.2,68.20 1 0
github.com/vlahanam/rol-outfit/src/internal/requests/product_variant_request.go:68.20,71.17 1 0
github.com/vlahanam/rol-outfit/src/internal/requests/product_variant_request.go:71.17,73.4 1 0
github.com/vlahanam/rol-outfit/src/internal/requests/product_variant_request.go:75.2,75.20 1 0
github.com/vlahanam/rol-outfit/src/internal/requests/product_variant_request.go:75.20,78.17 1 0
github.com/vlahanam/rol-outfit/src/internal/requests/product_variant_request.go:78.17,80.4 1 0
github.com/vlahanam/rol-outfit/src/internal/requests/product_variant_request.go:82.2,82.30 1 0
github.com/vlahanam/rol-outfit/src/internal/requests/product_variant_request.go:82.30,86.17 1 0
github.com/vlahanam/rol-outfit/src/internal/requests/product_variant_request.go:86.17,88.4 1 0
github.com/vlahanam/rol-outfit/src/internal/requests/product_variant_request.go:89.3,89.91 1 0
github.com/vlahanam/rol-outfit/src/internal/requests/product_variant_request.go:89.91,91.4 1 0
github.com/vlahanam/rol-outfit/src/internal/requests/product_variant_request.go:93.2,93.12 1 0
github.com/vlahanam/rol-outfit/src/internal/requests/product_variant_request.go:97.66,98.35 1 0
github.com/vlahanam/rol-outfit/src/internal/requests/product_variant_request.go:98.35,99.20 1 0
github.com/vlahanam/rol-outfit/src/internal/requests/product_variant_request.go:99.20,101.4 1 0
github.com/vlahanam/rol-outfit/src/internal/requests/product_variant_request.go:102.3,103.51 2 0
github.com/vlahanam/rol-outfit/src/internal/requests/product_variant_request.go:103.51,105.4 1 0
github.com/vlahanam/rol-outfit/src/internal/requests/product_variant_request.go:106.3,106.13 1 0
github.com/vlahanam/rol-outfit/src/internal/requests/tag_request.go:15.44,22.2 1 0
github.com/vlahanam/rol-outfit/src/internal/requests/tag_request.go:30.44,31.19 1 0
github.com/vlahanam/rol-outfit/src/internal/requests/tag_request.go:31.19,34.17 1 0
github.com/vlahanam/rol-outfit/src/internal/requests/tag_request.go:34.17,36.4 1 0
github.com/vlahanam/rol-outfit/src/internal/requests/tag_request.go:38.2,38.12 1 0
github.com/vlahanam/rol-outfit/src/internal/requests/user_address_request.go:13.48,28.2 1 0
github.com/vlahanam/rol-outfit/src/internal/requests/user_address_request.go:36.48,50.2 1 0
github.com/vlahanam/rol-outfit/src/internal/requests/user_request.go:20.50,28.48 1 0
github.com/vlahanam/rol-outfit/src/internal/requests/user_request.go:28.48,29.48 1 0
github.com/vlahanam/rol-outfit/src/internal/requests/user_request.go:29.48,31.6 1 0
github.com/vlahanam/rol-outfit/src/internal/requests/user_request.go:32.5,32.15 1 0
github.com/vlahanam/rol-outfit/src/internal/requests/user_request.go:43.44,44.22 1 0
github.com/vlahanam/rol-outfit/src/internal/requests/user_request.go:44.22,46.6 1 0
github.com/vlahanam/rol-outfit/src/internal/requests/user_request.go:47.5,47.82 1 0
github.com/vlahanam/rol-outfit/src/internal/requests/user_request.go:47.82,49.6 1 0
github.com/vlahanam/rol-outfit/src/internal/requests/user_request.go:50.5,50.15 1 0
github.com/vlahanam/rol-outfit/src/internal/requests/user_request.go:54.44,55.24 1 0
github.com/vlahanam/rol-outfit/src/internal/requests/user_request.go:55.24,57.6 1 0
github.com/vlahanam/rol-outfit/src/internal/requests/user_request.go:58.5,58.89 1 0
github.com/vlahanam/rol-outfit/src/internal/requests/user_request.go:58.89,60.6 1 0
github.com/vlahanam/rol-outfit/src/internal/requests/user_request.go:61.5,61.15 1 0
github.com/vlahanam/rol-outfit/src/internal/requests/user_request.go:76.45,77.23 1 0
github.com/vlahanam/rol-outfit/src/internal/requests/user_request.go:77.23,80.17 1 0
github.com/vlahanam/rol-outfit/src/internal/requests/user_request.go:80.17,82.4 1 0
github.com/vlahanam/rol-outfit/src/internal/requests/user_request.go:84.2,84.20 1 0
github.com/vlahanam/rol-outfit/src/internal/requests/user_request.go:84.20,86.48 1 0
github.com/vlahanam/rol-outfit/src/internal/requests/user_request.go:86.48,87.48 1 0
github.com/vlahanam/rol-outfit/src/internal/requests/user_request.go:87.48,89.6 1 0
github.com/vlahanam/rol-outfit/src/internal/requests/user_request.go:90.5,90.15 1 0
github.com/vlahanam/rol-outfit/src/internal/requests/user_request.go:92.17,94.4 1 0
github.com/vlahanam/rol-outfit/src/internal/requests/user_request.go:96.2,96.20 1 0
github.com/vlahanam/rol-outfit/src/internal/requests/user_request.go:96.20,99.17 1 0
github.com/vlahanam/rol-outfit/src/internal/requests/user_request.go:99.17,101.4 1 0
github.com/vlahanam/rol-outfit/src/internal/requests/user_request.go:103.2,103.19 1 0
github.com/vlahanam/rol-outfit/src/internal/requests/user_request.go:103.19,104.80 1 0
github.com/vlahanam/rol-outfit/src/internal/requests/user_request.go:104.80,106.4 1 0
github.com/vlahanam/rol-outfit/src/internal/requests/user_request.go:108.2,108.21 1 0
github.com/vlahanam/rol-outfit/src/internal/requests/user_request.go:108.21,109.87 1 0
github.com/vlahanam/rol-outfit/src/internal/requests/user_request.go:109.87,111.4 1 0
github.com/vlahanam/rol-outfit/src/internal/requests/user_request.go:113.2,113.12 1 0
github.com/vlahanam/rol-outfit/src/internal/requests/user_request.go:122.43,123.23 1 0
github.com/vlahanam/rol-outfit/src/internal/requests/user_request.go:123.23,126.17 1 0
github.com/vlahanam/rol-outfit/src/internal/requests/user_request.go:126.17,128.4 1 0
github.com/vlahanam/rol-outfit/src/internal/requests/user_request.go:130.2,130.20 1 0
github.com/vlahanam/rol-outfit/src/internal/requests/user_request.go:130.20,133.17 1 0
github.com/vlahanam/rol-outfit/src/internal/requests/user_request.go:133.17,135.4 1 0
github.com/vlahanam/rol-outfit/src/internal/requests/user_request.go:137.2,137.12 1 0
github.com/vlahanam/rol-outfit/src/internal/requests/widget_request.go:21.47,38.2 1 0
github.com/vlahanam/rol-outfit/src/internal/requests/widget_request.go:49.47,50.19 1 0
github.com/vlahanam/rol-outfit/src/internal/requests/widget_request.go:50.19,53.17 1 0
github.com/vlahanam/rol-outfit/src/internal/requests/widget_request.go:53.17,55.4 1 0
github.com/vlahanam/rol-outfit/src/internal/requests/widget_request.go:57.2,57.19 1 0
github.com/vlahanam/rol-outfit/src/internal/requests/widget_request.go:57.19,60.17 1 0
github.com/vlahanam/rol-outfit/src/internal/requests/widget_request.go:60.17,62.4 1 0
github.com/vlahanam/rol-outfit/src/internal/requests/widget_request.go:64.2,64.27 1 0
github.com/vlahanam/rol-outfit/src/internal/requests/widget_request.go:64.27,67.17 1 0
github.com/vlahanam/rol-outfit/src/internal/requests/widget_request.go:67.17,69.4 1 0
github.com/vlahanam/rol-outfit/src/internal/requests/widget_request.go:71.2,71.21 1 0
github.com/vlahanam/rol-outfit/src/internal/requests/widget_request.go:71.21,74.17 1 0
github.com/vlahanam/rol-outfit/src/internal/requests/widget_request.go:74.17,76.4 1 0
github.com/vlahanam/rol-outfit/src/internal/requests/widget_request.go:78.2,78.12 1 0
github.com/vlahanam/rol-outfit/src/internal/repositories/cart_repo.go:30.101,36.16 3 0
github.com/vlahanam/rol-outfit/src/internal/repositories/cart_repo.go:36.16,38.3 1 0
github.com/vlahanam/rol-outfit/src/internal/repositories/cart_repo.go:39.2,39.19 1 0
github.com/vlahanam/rol-outfit/src/internal/repositories/cart_repo.go:42.101,47.16 3 0
github.com/vlahanam/rol-outfit/src/internal/repositories/cart_repo.go:47.16,48.45 1 0
github.com/vlahanam/rol-outfit/src/internal/repositories/cart_repo.go:48.45,50.4 1 0
github.com/vlahanam/rol-outfit/src/internal/repositories/cart_repo.go:51.3,51.68 1 0
github.com/vlahanam/rol-outfit/src/internal/repositories/cart_repo.go:53.2,53.19 1 0
github.com/vlahanam/rol-outfit/src/internal/repositories/cart_repo.go:56.91,57.65 1 0
github.com/vlahanam/rol-outfit/src/internal/repositories/cart_repo.go:57.65,59.3 1 0
github.com/vlahanam/rol-outfit/src/internal/repositories/cart_repo.go:60.2,60.12 1 0
github.com/vlahanam/rol-outfit/src/internal/repositories/cart_repo.go:63.120,66.18 3 0
github.com/vlahanam/rol-outfit/src/internal/repositories/cart_repo.go:66.18,68.3 1 0
github.com/vlahanam/rol-outfit/src/internal/repositories/cart_repo.go:68.8,70.3 1 0
github.com/vlahanam/rol-outfit/src/internal/repositories/cart_repo.go:71.2,72.16 2 0
github.com/vlahanam/rol-outfit/src/internal/repositories/cart_repo.go:72.16,73.45 1 0
github.com/vlahanam/rol-outfit/src/internal/repositories/cart_repo.go:73.45,75.4 1 0
github.com/vlahanam/rol-outfit/src/internal/repositories/cart_repo.go:76.3,76.62 1 0
github.com/vlahanam/rol-outfit/src/internal/repositories/cart_repo.go:78.2,78.19 1 0
github.com/vlahanam/rol-outfit/src/internal/repositories/cart_repo.go:81.101,84.16 3 0
github.com/vlahanam/rol-outfit/src/internal/repositories/cart_repo.go:84.16,85.45 1 0
github.com/vlahanam/rol-outfit/src/internal/repositories/cart_repo.go:85.45,87.4 1 0
github.com/vlahanam/rol-outfit/src/internal/repositories/cart_repo.go:88.3,88.68 1 0
github.com/vlahanam/rol-outfit/src/internal/repositories/cart_repo.go:90.2,90.19 1 0
github.com/vlahanam/rol-outfit/src/internal/repositories/cart_repo.go:93.104,95.94 2 0
github.com/vlahanam/rol-outfit/src/internal/repositories/cart_repo.go:95.94,97.3 1 0
github.com/vlahanam/rol-outfit/src/internal/repositories/cart_repo.go:98.2,98.19 1 0
github.com/vlahanam/rol-outfit/src/internal/repositories/cart_repo.go:101.110,106.25 2 0
github.com/vlahanam/rol-outfit/src/internal/repositories/cart_repo.go:106.25,108.3 1 0
github.com/vlahanam/rol-outfit/src/internal/repositories/cart_repo.go:109.2,109.30 1 0
github.com/vlahanam/rol-outfit/src/internal/repositories/cart_repo.go:109.30,111.3 1 0
github.com/vlahanam/rol-outfit/src/internal/repositories/cart_repo.go:112.2,112.12 1 0
github.com/vlahanam/rol-outfit/src/internal/repositories/cart_repo.go:115.79,117.25 2 0
github.com/vlahanam/rol-outfit/src/internal/repositories/cart_repo.go:117.25,119.3 1 0
github.com/vlahanam/rol-outfit/src/internal/repositories/cart_repo.go:120.2,120.12 1 0
github.com/vlahanam/rol-outfit/src/internal/repositories/cart_repo.go:123.78,124.108 1 0
github.com/vlahanam/rol-outfit/src/internal/repositories/cart_repo.go:124.108,126.3 1 0
github.com/vlahanam/rol-outfit/src/internal/repositories/cart_repo.go:127.2,127.12 1 0
github.com/vlahanam/rol-outfit/src/internal/repositories/category_repo.go:25.88,26.62 1 0
github.com/vlahanam/rol-outfit/src/internal/repositories/category_repo.go:26.62,28.3 1 0
github.com/vlahanam/rol-outfit/src/internal/repositories/category_repo.go:29.2,29.12 1 0
github.com/vlahanam/rol-outfit/src/internal/repositories/category_repo.go:32.101,37.16 3 0
github.com/vlahanam/rol-outfit/src/internal/repositories/category_repo.go:37.16,38.45 1 0
github.com/vlahanam/rol-outfit/src/internal/repositories/category_repo.go:38.45,40.4 1 0
github.com/vlahanam/rol-outfit/src/internal/repositories/category_repo.go:41.3,41.67 1 0
github.com/vlahanam/rol-outfit/src/internal/repositories/category_repo.go:43.2,43.16 1 0
github.com/vlahanam/rol-outfit/src/internal/repositories/category_repo.go:46.105,51.16 3 0
github.com/vlahanam/rol-outfit/src/internal/repositories/category_repo.go:51.16,52.45 1 0
github.com/vlahanam/rol-outfit/src/internal/repositories/category_repo.go:52.45,54.4 1 0
github.com/vlahanam/rol-outfit/src/internal/repositories/category_repo.go:55.3,55.69 1 0
github.com/vlahanam/rol-outfit/src/internal/repositories/category_repo.go:57.2,57.16 1 0
github.com/vlahanam/rol-outfit/src/internal/repositories/category_repo.go:60.106,65.16 3 0
github.com/vlahanam/rol-outfit/src/internal/repositories/category_repo.go:65.16,66.45 1 0
github.com/vlahanam/rol-outfit/src/internal/repositories/category_repo.go:66.45,68.4 1 0
github.com/vlahanam/rol-outfit/src/internal/repositories/category_repo.go:69.3,69.67 1 0
github.com/vlahanam/rol-outfit/src/internal/repositories/category_repo.go:71.2,71.16 1 0
github.com/vlahanam/rol-outfit/src/internal/repositories/category_repo.go:74.116,79.47 4 0
github.com/vlahanam/rol-outfit/src/internal/repositories/category_repo.go:79.47,81.3 1 0
github.com/vlahanam/rol-outfit/src/internal/repositories/category_repo.go:82.2,82.104 1 0
github.com/vlahanam/rol-outfit/src/internal/repositories/category_repo.go:82.104,84.3 1 0
github.com/vlahanam/rol-outfit/src/internal/repositories/category_repo.go:85.2,85.31 1 0
github.com/vlahanam/rol-outfit/src/internal/repositories/category_repo.go:88.121,93.47 4 0
github.com/vlahanam/rol-outfit/src/internal/repositories/category_repo.go:93.47,95.3 1 0
github.com/vlahanam/rol-outfit/src/internal/repositories/category_repo.go:96.2,96.104 1 0
github.com/vlahanam/rol-outfit/src/internal/repositories/category_repo.go:96.104,98.3 1 0
github.com/vlahanam/rol-outfit/src/internal/repositories/category_repo.go:99.2,99.31 1 0
github.com/vlahanam/rol-outfit/src/internal/repositories/category_repo.go:102.110,107.25 2 0
github.com/vlahanam/rol-outfit/src/internal/repositories/category_repo.go:107.25,109.3 1 0
github.com/vlahanam/rol-outfit/src/internal/repositories/category_repo.go:110.2,110.30 1 0
github.com/vlahanam/rol-outfit/src/internal/repositories/category_repo.go:110.30,112.3 1 0
github.com/vlahanam/rol-outfit/src/internal/repositories/category_repo.go:113.2,113.12 1 0
github.com/vlahanam/rol-outfit/src/internal/repositories/category_repo.go:116.83,121.25 2 0
github.com/vlahanam/rol-outfit/src/internal/repositories/category_repo.go:121.25,123.3 1 0
github.com/vlahanam/rol-outfit/src/internal/repositories/category_repo.go:124.2,124.30 1 0
github.com/vlahanam/rol-outfit/src/internal/repositories/category_repo.go:124.30,126.3 1 0
github.com/vlahanam/rol-outfit/src/internal/repositories/category_repo.go:127.2,127.12 1 0
github.com/vlahanam/rol-outfit/src/internal/repositories/gorm.go:11.56,13.2 1 0
github.com/vlahanam/rol-outfit/src/internal/repositories/order_repo.go:29.86,30.66 1 0
github.com/vlahanam/rol-outfit/src/internal/repositories/order_repo.go:30.66,32.3 1 0
github.com/vlahanam/rol-outfit/src/internal/repositories/order_repo.go:33.2,33.12 1 0
github.com/vlahanam/rol-outfit/src/internal/repositories/order_repo.go:36.95,41.16 3 0
github.com/vlahanam/rol-outfit/src/internal/repositories/order_repo.go:41.16,42.45 1 0
github.com/vlahanam/rol-outfit/src/internal/repositories/order_repo.go:42.45,44.4 1 0
github.com/vlahanam/rol-outfit/src/internal/repositories/order_repo.go:45.3,45.64 1 0
github.com/vlahanam/rol-outfit/src/internal/repositories/order_repo.go:47.2,47.20 1 0
github.com/vlahanam/rol-outfit/src/internal/repositories/order_repo.go:50.130,56.47 4 0
github.com/vlahanam/rol-outfit/src/internal/repositories/order_repo.go:56.47,58.3 1 0
github.com/vlahanam/rol-outfit/src/internal/repositories/order_repo.go:59.2,59.100 1 0
github.com/vlahanam/rol-outfit/src/internal/repositories/order_repo.go:59.100,61.3 1 0
github.com/vlahanam/rol-outfit/src/internal/repositories/order_repo.go:62.2,62.27 1 0
github.com/vlahanam/rol-outfit/src/internal/repositories/order_repo.go:65.125,70.16 4 0
github.com/vlahanam/rol-outfit/src/internal/repositories/order_repo.go:70.16,72.3 1 0
github.com/vlahanam/rol-outfit/src/internal/repositories/order_repo.go:73.2,73.47 1 0
github.com/vlahanam/rol-outfit/src/internal/repositories/order_repo.go:73.47,75.3 1 0
github.com/vlahanam/rol-outfit/src/internal/repositories/order_repo.go:76.2,76.100 1 0
github.com/vlahanam/rol-outfit/src/internal/repositories/order_repo.go:76.100,78.3 1 0
github.com/vlahanam/rol-outfit/src/internal/repositories/order_repo.go:79.2,79.27 1 0
github.com/vlahanam/rol-outfit/src/internal/repositories/order_repo.go:82.107,87.25 2 0
github.com/vlahanam/rol-outfit/src/internal/repositories/order_repo.go:87.25,89.3 1 0
github.com/vlahanam/rol-outfit/src/internal/repositories/order_repo.go:90.2,90.30 1 0
github.com/vlahanam/rol-outfit/src/internal/repositories/order_repo.go:90.30,92.3 1 0
github.com/vlahanam/rol-outfit/src/internal/repositories/order_repo.go:93.2,93.12 1 0
github.com/vlahanam/rol-outfit/src/internal/repositories/order_repo.go:96.80,101.25 2 0
github.com/vlahanam/rol-outfit/src/internal/repositories/order_repo.go:101.25,103.3 1 0
github.com/vlahanam/rol-outfit/src/internal/repositories/order_repo.go:104.2,104.30 1 0
github.com/vlahanam/rol-outfit/src/internal/repositories/order_repo.go:104.30,106.3 1 0
github.com/vlahanam/rol-outfit/src/internal/repositories/order_repo.go:107.2,107.12 1 0
github.com/vlahanam/rol-outfit/src/internal/repositories/order_repo.go:110.97,111.67 1 0
github.com/vlahanam/rol-outfit/src/internal/repositories/order_repo.go:111.67,113.3 1 0
github.com/vlahanam/rol-outfit/src/internal/repositories/order_repo.go:114.2,114.12 1 0
github.com/vlahanam/rol-outfit/src/internal/repositories/order_repo.go:117.107,119.96 2 0
github.com/vlahanam/rol-outfit/src/internal/repositories/order_repo.go:119.96,121.3 1 0
github.com/vlahanam/rol-outfit/src/internal/repositories/order_repo.go:122.2,122.19 1 0
github.com/vlahanam/rol-outfit/src/internal/repositories/product_repo.go:26.86,27.62 1 0
github.com/vlahanam/rol-outfit/src/internal/repositories/product_repo.go:27.62,29.3 1 0
github.com/vlahanam/rol-outfit/src/internal/repositories/product_repo.go:30.2,30.12 1 0
github.com/vlahanam/rol-outfit/src/internal/repositories/product_repo.go:33.99,38.16 3 0
github.com/vlahanam/rol-outfit/src/internal/repositories/product_repo.go:38.16,39.45 1 0
github.com/vlahanam/rol-outfit/src/internal/repositories/product_repo.go:39.45,41.4 1 0
github.com/vlahanam/rol-outfit/src/internal/repositories/product_repo.go:42.3,42.66 1 0
github.com/vlahanam/rol-outfit/src/internal/repositories/product_repo.go:44.2,44.16 1 0
github.com/vlahanam/rol-outfit/src/internal/repositories/product_repo.go:47.103,52.16 3 0
github.com/vlahanam/rol-outfit/src/internal/repositories/product_repo.go:52.16,53.45 1 0
github.com/vlahanam/rol-outfit/src/internal/repositories/product_repo.go:53.45,55.4 1 0
github.com/vlahanam/rol-outfit/src/internal/repositories/product_repo.go:56.3,56.68 1 0
github.com/vlahanam/rol-outfit/src/internal/repositories/product_repo.go:58.2,58.16 1 0
github.com/vlahanam/rol-outfit/src/internal/repositories/product_repo.go:61.151,68.22 4 0
github.com/vlahanam/rol-outfit/src/internal/repositories/product_repo.go:68.22,70.3 1 0
github.com/vlahanam/rol-outfit/src/internal/repositories/product_repo.go:72.2,72.23 1 0
github.com/vlahanam/rol-outfit/src/internal/repositories/product_repo.go:72.23,80.3 2 0
github.com/vlahanam/rol-outfit/src/internal/repositories/product_repo.go:82.2,82.47 1 0
github.com/vlahanam/rol-outfit/src/internal/repositories/product_repo.go:82.47,84.3 1 0
github.com/vlahanam/rol-outfit/src/internal/repositories/product_repo.go:85.2,85.111 1 0
github.com/vlahanam/rol-outfit/src/internal/repositories/product_repo.go:85.111,87.3 1 0
github.com/vlahanam/rol-outfit/src/internal/repositories/product_repo.go:88.2,88.29 1 0
github.com/vlahanam/rol-outfit/src/internal/repositories/product_repo.go:91.109,96.25 2 0
github.com/vlahanam/rol-outfit/src/internal/repositories/product_repo.go:96.25,98.3 1 0
github.com/vlahanam/rol-outfit/src/internal/repositories/product_repo.go:99.2,99.30 1 0
github.com/vlahanam/rol-outfit/src/internal/repositories/product_repo.go:99.30,101.3 1 0
github.com/vlahanam/rol-outfit/src/internal/repositories/product_repo.go:102.2,102.12 1 0
github.com/vlahanam/rol-outfit/src/internal/repositories/product_repo.go:105.82,110.25 2 0
github.com/vlahanam/rol-outfit/src/internal/repositories/product_repo.go:110.25,112.3 1 0
github.com/vlahanam/rol-outfit/src/internal/repositories/product_repo.go:113.2,113.30 1 0
github.com/vlahanam/rol-outfit/src/internal/repositories/product_repo.go:113.30,115.3 1 0
github.com/vlahanam/rol-outfit/src/internal/repositories/product_repo.go:116.2,116.12 1 0
github.com/vlahanam/rol-outfit/src/internal/repositories/product_repo.go:120.107,125.16 3 0
github.com/vlahanam/rol-outfit/src/internal/repositories/product_repo.go:125.16,126.45 1 0
github.com/vlahanam/rol-outfit/src/internal/repositories/product_repo.go:126.45,128.4 1 0
github.com/vlahanam/rol-outfit/src/internal/repositories/product_repo.go:129.3,129.72 1 0
github.com/vlahanam/rol-outfit/src/internal/repositories/product_repo.go:131.2,131.16 1 0
github.com/vlahanam/rol-outfit/src/internal/repositories/product_repo.go:135.116,140.16 3 0
github.com/vlahanam/rol-outfit/src/internal/repositories/product_repo.go:140.16,141.45 1 0
github.com/vlahanam/rol-outfit/src/internal/repositories/product_repo.go:141.45,143.4 1 0
github.com/vlahanam/rol-outfit/src/internal/repositories/product_repo.go:144.3,144.68 1 0
github.com/vlahanam/rol-outfit/src/internal/repositories/product_repo.go:147.2,151.37 2 0
github.com/vlahanam/rol-outfit/src/internal/repositories/product_repo.go:151.37,153.3 1 0
github.com/vlahanam/rol-outfit/src/internal/repositories/product_repo.go:154.2,154.74 1 0
github.com/vlahanam/rol-outfit/src/internal/repositories/product_repo.go:159.169,164.22 4 0
github.com/vlahanam/rol-outfit/src/internal/repositories/product_repo.go:164.22,166.3 1 0
github.com/vlahanam/rol-outfit/src/internal/repositories/product_repo.go:167.2,167.18 1 0
github.com/vlahanam/rol-outfit/src/internal/repositories/product_repo.go:167.18,169.3 1 0
github.com/vlahanam/rol-outfit/src/internal/repositories/product_repo.go:170.2,170.46 1 0
github.com/vlahanam/rol-outfit/src/internal/repositories/product_repo.go:170.46,172.3 1 0
github.com/vlahanam/rol-outfit/src/internal/repositories/product_repo.go:173.2,173.101 1 0
github.com/vlahanam/rol-outfit/src/internal/repositories/product_repo.go:173.101,175.3 1 0
github.com/vlahanam/rol-outfit/src/internal/repositories/product_repo.go:176.2,176.24 1 0
github.com/vlahanam/rol-outfit/src/internal/repositories/product_repo.go:176.24,178.3 1 0
github.com/vlahanam/rol-outfit/src/internal/repositories/product_repo.go:180.2,181.29 2 0
github.com/vlahanam/rol-outfit/src/internal/repositories/product_repo.go:181.29,183.3 1 0
github.com/vlahanam/rol-outfit/src/internal/repositories/product_repo.go:185.2,189.37 2 0
github.com/vlahanam/rol-outfit/src/internal/repositories/product_repo.go:189.37,191.3 1 0
github.com/vlahanam/rol-outfit/src/internal/repositories/product_repo.go:193.2,194.29 2 0
github.com/vlahanam/rol-outfit/src/internal/repositories/product_repo.go:194.29,196.3 1 0
github.com/vlahanam/rol-outfit/src/internal/repositories/product_repo.go:198.2,199.29 2 0
github.com/vlahanam/rol-outfit/src/internal/repositories/product_repo.go:199.29,204.3 1 0
github.com/vlahanam/rol-outfit/src/internal/repositories/product_repo.go:205.2,205.27 1 0
github.com/vlahanam/rol-outfit/src/internal/repositories/product_tag_repo.go:18.107,19.67 1 0
github.com/vlahanam/rol-outfit/src/internal/repositories/product_tag_repo.go:19.67,20.98 1 0
github.com/vlahanam/rol-outfit/src/internal/repositories/product_tag_repo.go:20.98,22.4 1 0
github.com/vlahanam/rol-outfit/src/internal/repositories/product_tag_repo.go:23.3,23.23 1 0
github.com/vlahanam/rol-outfit/src/internal/repositories/product_tag_repo.go:23.23,25.4 1 0
github.com/vlahanam/rol-outfit/src/internal/repositories/product_tag_repo.go:26.3,27.30 2 0
github.com/vlahanam/rol-outfit/src/internal/repositories/product_tag_repo.go:27.30,29.4 1 0
github.com/vlahanam/rol-outfit/src/internal/repositories/product_tag_repo.go:30.3,30.48 1 0
github.com/vlahanam/rol-outfit/src/internal/repositories/product_tag_repo.go:30.48,32.4 1 0
github.com/vlahanam/rol-outfit/src/internal/repositories/product_tag_repo.go:33.3,33.13 1 0
github.com/vlahanam/rol-outfit/src/internal/repositories/product_tag_repo.go:37.129,44.16 3 0
github.com/vlahanam/rol-outfit/src/internal/repositories/product_tag_repo.go:44.16,46.3 1 0
github.com/vlahanam/rol-outfit/src/internal/repositories/product_tag_repo.go:47.2,47.18 1 0
github.com/vlahanam/rol-outfit/src/internal/repositories/product_tag_repo.go:50.111,56.16 3 0
github.com/vlahanam/rol-outfit/src/internal/repositories/product_tag_repo.go:56.16,58.3 1 0
github.com/vlahanam/rol-outfit/src/internal/repositories/product_tag_repo.go:59.2,59.18 1 0
github.com/vlahanam/rol-outfit/src/internal/repositories/product_variant_repo.go:20.93,21.62 1 0
github.com/vlahanam/rol-outfit/src/internal/repositories/product_variant_repo.go:21.62,23.3 1 0
github.com/vlahanam/rol-outfit/src/internal/repositories/product_variant_repo.go:24.2,24.12 1 0
github.com/vlahanam/rol-outfit/src/internal/repositories/product_variant_repo.go:27.106,30.16 3 0
github.com/vlahanam/rol-outfit/src/internal/repositories/product_variant_repo.go:30.16,31.45 1 0
github.com/vlahanam/rol-outfit/src/internal/repositories/product_variant_repo.go:31.45,33.4 1 0
github.com/vlahanam/rol-outfit/src/internal/repositories/product_variant_repo.go:34.3,34.66 1 0
github.com/vlahanam/rol-outfit/src/internal/repositories/product_variant_repo.go:36.2,36.16 1 0
github.com/vlahanam/rol-outfit/src/internal/repositories/product_variant_repo.go:39.138,44.47 4 0
github.com/vlahanam/rol-outfit/src/internal/repositories/product_variant_repo.go:44.47,46.3 1 0
github.com/vlahanam/rol-outfit/src/internal/repositories/product_variant_repo.go:47.2,47.101 1 0
github.com/vlahanam/rol-outfit/src/internal/repositories/product_variant_repo.go:47.101,49.3 1 0
github.com/vlahanam/rol-outfit/src/internal/repositories/product_variant_repo.go:50.2,50.29 1 0
github.com/vlahanam/rol-outfit/src/internal/repositories/product_variant_repo.go:53.109,58.25 2 0
github.com/vlahanam/rol-outfit/src/internal/repositories/product_variant_repo.go:58.25,60.3 1 0
github.com/vlahanam/rol-outfit/src/internal/repositories/product_variant_repo.go:61.2,61.30 1 0
github.com/vlahanam/rol-outfit/src/internal/repositories/product_variant_repo.go:61.30,63.3 1 0
github.com/vlahanam/rol-outfit/src/internal/repositories/product_variant_repo.go:64.2,64.12 1 0
github.com/vlahanam/rol-outfit/src/internal/repositories/product_variant_repo.go:67.78,71.25 2 0
github.com/vlahanam/rol-outfit/src/internal/repositories/product_variant_repo.go:71.25,73.3 1 0
github.com/vlahanam/rol-outfit/src/internal/repositories/product_variant_repo.go:74.2,74.30 1 0
github.com/vlahanam/rol-outfit/src/internal/repositories/product_variant_repo.go:74.30,76.3 1 0
github.com/vlahanam/rol-outfit/src/internal/repositories/product_variant_repo.go:77.2,77.12 1 0
github.com/vlahanam/rol-outfit/src/internal/repositories/refresh_token_repo.go:22.98,23.66 1 0
github.com/vlahanam/rol-outfit/src/internal/repositories/refresh_token_repo.go:23.66,25.3 1 0
github.com/vlahanam/rol-outfit/src/internal/repositories/refresh_token_repo.go:26.2,26.12 1 0
github.com/vlahanam/rol-outfit/src/internal/repositories/refresh_token_repo.go:30.113,36.16 3 0
github.com/vlahanam/rol-outfit/src/internal/repositories/refresh_token_repo.go:36.16,37.45 1 0
github.com/vlahanam/rol-outfit/src/internal/repositories/refresh_token_repo.go:37.45,39.4 1 0
github.com/vlahanam/rol-outfit/src/internal/repositories/refresh_token_repo.go:40.3,40.66 1 0
github.com/vlahanam/rol-outfit/src/internal/repositories/refresh_token_repo.go:42.2,42.16 1 0
github.com/vlahanam/rol-outfit/src/internal/repositories/refresh_token_repo.go:45.85,51.25 2 0
github.com/vlahanam/rol-outfit/src/internal/repositories/refresh_token_repo.go:51.25,53.3 1 0
github.com/vlahanam/rol-outfit/src/internal/repositories/refresh_token_repo.go:54.2,54.30 1 0
github.com/vlahanam/rol-outfit/src/internal/repositories/refresh_token_repo.go:54.30,56.3 1 0
github.com/vlahanam/rol-outfit/src/internal/repositories/refresh_token_repo.go:57.2,57.12 1 0
github.com/vlahanam/rol-outfit/src/internal/repositories/refresh_token_repo.go:60.88,66.25 2 0
github.com/vlahanam/rol-outfit/src/internal/repositories/refresh_token_repo.go:66.25,68.3 1 0
github.com/vlahanam/rol-outfit/src/internal/repositories/refresh_token_repo.go:69.2,69.12 1 0
github.com/vlahanam/rol-outfit/src/internal/repositories/refresh_token_repo.go:72.92,78.25 2 0
github.com/vlahanam/rol-outfit/src/internal/repositories/refresh_token_repo.go:78.25,80.3 1 0
github.com/vlahanam/rol-outfit/src/internal/repositories/refresh_token_repo.go:81.2,81.12 1 0
github.com/vlahanam/rol-outfit/src/internal/repositories/refresh_token_repo.go:86.80,91.25 2 0
github.com/vlahanam/rol-outfit/src/internal/repositories/refresh_token_repo.go:91.25,93.3 1 0
github.com/vlahanam/rol-outfit/src/internal/repositories/refresh_token_repo.go:94.2,94.12 1 0
github.com/vlahanam/rol-outfit/src/internal/repositories/tag_repo.go:25.78,26.62 1 0
github.com/vlahanam/rol-outfit/src/internal/repositories/tag_repo.go:26.62,28.3 1 0
github.com/vlahanam/rol-outfit/src/internal/repositories/tag_repo.go:29.2,29.12 1 0
github.com/vlahanam/rol-outfit/src/internal/repositories/tag_repo.go:32.91,38.16 4 0
github.com/vlahanam/rol-outfit/src/internal/repositories/tag_repo.go:38.16,39.45 1 0
github.com/vlahanam/rol-outfit/src/internal/repositories/tag_repo.go:39.45,41.4 1 0
github.com/vlahanam/rol-outfit/src/internal/repositories/tag_repo.go:42.3,42.56 1 0
github.com/vlahanam/rol-outfit/src/internal/repositories/tag_repo.go:44.2,44.16 1 0
github.com/vlahanam/rol-outfit/src/internal/repositories/tag_repo.go:47.96,50.16 3 0
github.com/vlahanam/rol-outfit/src/internal/repositories/tag_repo.go:50.16,51.45 1 0
github.com/vlahanam/rol-outfit/src/internal/repositories/tag_repo.go:51.45,53.4 1 0
github.com/vlahanam/rol-outfit/src/internal/repositories/tag_repo.go:54.3,54.56 1 0
github.com/vlahanam/rol-outfit/src/internal/repositories/tag_repo.go:56.2,56.16 1 0
github.com/vlahanam/rol-outfit/src/internal/repositories/tag_repo.go:59.95,62.16 3 0
github.com/vlahanam/rol-outfit/src/internal/repositories/tag_repo.go:62.16,63.45 1 0
github.com/vlahanam/rol-outfit/src/internal/repositories/tag_repo.go:63.45,65.4 1 0
github.com/vlahanam/rol-outfit/src/internal/repositories/tag_repo.go:66.3,66.64 1 0
github.com/vlahanam/rol-outfit/src/internal/repositories/tag_repo.go:68.2,68.16 1 0
github.com/vlahanam/rol-outfit/src/internal/repositories/tag_repo.go:71.98,72.19 1 0
github.com/vlahanam/rol-outfit/src/internal/repositories/tag_repo.go:72.19,74.3 1 0
github.com/vlahanam/rol-outfit/src/internal/repositories/tag_repo.go:75.2,76.86 2 0
github.com/vlahanam/rol-outfit/src/internal/repositories/tag_repo.go:76.86,78.3 1 0
github.com/vlahanam/rol-outfit/src/internal/repositories/tag_repo.go:79.2,79.18 1 0
github.com/vlahanam/rol-outfit/src/internal/repositories/tag_repo.go:82.105,87.47 4 0
github.com/vlahanam/rol-outfit/src/internal/repositories/tag_repo.go:87.47,89.3 1 0
github.com/vlahanam/rol-outfit/src/internal/repositories/tag_repo.go:90.2,90.98 1 0
github.com/vlahanam/rol-outfit/src/internal/repositories/tag_repo.go:90.98,92.3 1 0
github.com/vlahanam/rol-outfit/src/internal/repositories/tag_repo.go:93.2,93.25 1 0
github.com/vlahanam/rol-outfit/src/internal/repositories/tag_repo.go:96.126,102.47 4 0
github.com/vlahanam/rol-outfit/src/internal/repositories/tag_repo.go:102.47,104.3 1 0
github.com/vlahanam/rol-outfit/src/internal/repositories/tag_repo.go:105.2,105.98 1 0
github.com/vlahanam/rol-outfit/src/internal/repositories/tag_repo.go:105.98,107.3 1 0
github.com/vlahanam/rol-outfit/src/internal/repositories/tag_repo.go:108.2,108.25 1 0
github.com/vlahanam/rol-outfit/src/internal/repositories/tag_repo.go:111.105,113.25 2 0
github.com/vlahanam/rol-outfit/src/internal/repositories/tag_repo.go:113.25,115.3 1 0
github.com/vlahanam/rol-outfit/src/internal/repositories/tag_repo.go:116.2,116.30 1 0
github.com/vlahanam/rol-outfit/src/internal/repositories/tag_repo.go:116.30,118.3 1 0
github.com/vlahanam/rol-outfit/src/internal/repositories/tag_repo.go:119.2,119.12 1 0
github.com/vlahanam/rol-outfit/src/internal/repositories/tag_repo.go:122.74,124.25 2 0
github.com/vlahanam/rol-outfit/src/internal/repositories/tag_repo.go:124.25,126.3 1 0
github.com/vlahanam/rol-outfit/src/internal/repositories/tag_repo.go:127.2,127.30 1 0
github.com/vlahanam/rol-outfit/src/internal/repositories/tag_repo.go:127.30,129.3 1 0
github.com/vlahanam/rol-outfit/src/internal/repositories/tag_repo.go:130.2,130.12 1 0
github.com/vlahanam/rol-outfit/src/internal/repositories/user_address_repo.go:30.102,31.67 1 0
github.com/vlahanam/rol-outfit/src/internal/repositories/user_address_repo.go:31.67,35.36 2 0
github.com/vlahanam/rol-outfit/src/internal/repositories/user_address_repo.go:35.36,37.4 1 0
github.com/vlahanam/rol-outfit/src/internal/repositories/user_address_repo.go:38.3,38.35 1 0
github.com/vlahanam/rol-outfit/src/internal/repositories/user_address_repo.go:38.35,40.4 1 0
github.com/vlahanam/rol-outfit/src/internal/repositories/user_address_repo.go:42.3,42.23 1 0
github.com/vlahanam/rol-outfit/src/internal/repositories/user_address_repo.go:42.23,44.4 1 0
github.com/vlahanam/rol-outfit/src/internal/repositories/user_address_repo.go:45.3,47.50 2 0
github.com/vlahanam/rol-outfit/src/internal/repositories/user_address_repo.go:47.50,49.4 1 0
github.com/vlahanam/rol-outfit/src/internal/repositories/user_address_repo.go:50.3,50.13 1 0
github.com/vlahanam/rol-outfit/src/internal/repositories/user_address_repo.go:54.115,60.16 3 0
github.com/vlahanam/rol-outfit/src/internal/repositories/user_address_repo.go:60.16,62.3 1 0
github.com/vlahanam/rol-outfit/src/internal/repositories/user_address_repo.go:63.2,63.23 1 0
github.com/vlahanam/rol-outfit/src/internal/repositories/user_address_repo.go:66.103,69.16 3 0
github.com/vlahanam/rol-outfit/src/internal/repositories/user_address_repo.go:69.16,70.45 1 0
github.com/vlahanam/rol-outfit/src/internal/repositories/user_address_repo.go:70.45,72.4 1 0
github.com/vlahanam/rol-outfit/src/internal/repositories/user_address_repo.go:73.3,73.60 1 0
github.com/vlahanam/rol-outfit/src/internal/repositories/user_address_repo.go:75.2,75.22 1 0
github.com/vlahanam/rol-outfit/src/internal/repositories/user_address_repo.go:78.109,83.25 2 0
github.com/vlahanam/rol-outfit/src/internal/repositories/user_address_repo.go:83.25,85.3 1 0
github.com/vlahanam/rol-outfit/src/internal/repositories/user_address_repo.go:86.2,86.30 1 0
github.com/vlahanam/rol-outfit/src/internal/repositories/user_address_repo.go:86.30,88.3 1 0
github.com/vlahanam/rol-outfit/src/internal/repositories/user_address_repo.go:89.2,89.12 1 0
github.com/vlahanam/rol-outfit/src/internal/repositories/user_address_repo.go:92.82,94.25 2 0
github.com/vlahanam/rol-outfit/src/internal/repositories/user_address_repo.go:94.25,96.3 1 0
github.com/vlahanam/rol-outfit/src/internal/repositories/user_address_repo.go:97.2,97.12 1 0
github.com/vlahanam/rol-outfit/src/internal/repositories/user_address_repo.go:100.97,101.67 1 0
github.com/vlahanam/rol-outfit/src/internal/repositories/user_address_repo.go:101.67,104.50 1 0
github.com/vlahanam/rol-outfit/src/internal/repositories/user_address_repo.go:104.50,106.4 1 0
github.com/vlahanam/rol-outfit/src/internal/repositories/user_address_repo.go:107.3,110.26 2 0
github.com/vlahanam/rol-outfit/src/internal/repositories/user_address_repo.go:110.26,112.4 1 0
github.com/vlahanam/rol-outfit/src/internal/repositories/user_address_repo.go:113.3,113.31 1 0
github.com/vlahanam/rol-outfit/src/internal/repositories/user_address_repo.go:113.31,115.4 1 0
github.com/vlahanam/rol-outfit/src/internal/repositories/user_address_repo.go:116.3,116.13 1 0
github.com/vlahanam/rol-outfit/src/internal/repositories/user_address_repo.go:120.100,126.16 3 0
github.com/vlahanam/rol-outfit/src/internal/repositories/user_address_repo.go:126.16,128.3 1 0
github.com/vlahanam/rol-outfit/src/internal/repositories/user_address_repo.go:129.2,129.19 1 0
github.com/vlahanam/rol-outfit/src/internal/repositories/user_repo.go:35.79,36.65 1 0
github.com/vlahanam/rol-outfit/src/internal/repositories/user_repo.go:36.65,38.54 2 0
github.com/vlahanam/rol-outfit/src/internal/repositories/user_repo.go:38.54,39.49 1 0
github.com/vlahanam/rol-outfit/src/internal/repositories/user_repo.go:39.49,41.5 1 0
github.com/vlahanam/rol-outfit/src/internal/repositories/user_repo.go:42.4,42.28 1 0
github.com/vlahanam/rol-outfit/src/internal/repositories/user_repo.go:44.3,44.54 1 0
github.com/vlahanam/rol-outfit/src/internal/repositories/user_repo.go:46.2,46.12 1 0
github.com/vlahanam/rol-outfit/src/internal/repositories/user_repo.go:49.95,55.16 3 0
github.com/vlahanam/rol-outfit/src/internal/repositories/user_repo.go:55.16,56.45 1 0
github.com/vlahanam/rol-outfit/src/internal/repositories/user_repo.go:56.45,58.4 1 0
github.com/vlahanam/rol-outfit/src/internal/repositories/user_repo.go:59.3,59.66 1 0
github.com/vlahanam/rol-outfit/src/internal/repositories/user_repo.go:61.2,61.19 1 0
github.com/vlahanam/rol-outfit/src/internal/repositories/user_repo.go:64.95,70.16 3 0
github.com/vlahanam/rol-outfit/src/internal/repositories/user_repo.go:70.16,71.45 1 0
github.com/vlahanam/rol-outfit/src/internal/repositories/user_repo.go:71.45,73.4 1 0
github.com/vlahanam/rol-outfit/src/internal/repositories/user_repo.go:74.3,74.66 1 0
github.com/vlahanam/rol-outfit/src/internal/repositories/user_repo.go:76.2,76.19 1 0
github.com/vlahanam/rol-outfit/src/internal/repositories/user_repo.go:79.89,85.16 3 0
github.com/vlahanam/rol-outfit/src/internal/repositories/user_repo.go:85.16,86.45 1 0
github.com/vlahanam/rol-outfit/src/internal/repositories/user_repo.go:86.45,88.4 1 0
github.com/vlahanam/rol-outfit/src/internal/repositories/user_repo.go:89.3,89.63 1 0
github.com/vlahanam/rol-outfit/src/internal/repositories/user_repo.go:91.2,91.19 1 0
github.com/vlahanam/rol-outfit/src/internal/repositories/user_repo.go:95.102,101.47 4 0
github.com/vlahanam/rol-outfit/src/internal/repositories/user_repo.go:101.47,103.3 1 0
github.com/vlahanam/rol-outfit/src/internal/repositories/user_repo.go:105.2,105.99 1 0
github.com/vlahanam/rol-outfit/src/internal/repositories/user_repo.go:105.99,107.3 1 0
github.com/vlahanam/rol-outfit/src/internal/repositories/user_repo.go:109.2,109.26 1 0
github.com/vlahanam/rol-outfit/src/internal/repositories/user_repo.go:113.102,119.25 2 0
github.com/vlahanam/rol-outfit/src/internal/repositories/user_repo.go:119.25,121.63 2 0
github.com/vlahanam/rol-outfit/src/internal/repositories/user_repo.go:121.63,122.49 1 0
github.com/vlahanam/rol-outfit/src/internal/repositories/user_repo.go:122.49,124.5 1 0
github.com/vlahanam/rol-outfit/src/internal/repositories/user_repo.go:125.4,125.28 1 0
github.com/vlahanam/rol-outfit/src/internal/repositories/user_repo.go:127.3,127.63 1 0
github.com/vlahanam/rol-outfit/src/internal/repositories/user_repo.go:129.2,129.30 1 0
github.com/vlahanam/rol-outfit/src/internal/repositories/user_repo.go:129.30,131.3 1 0
github.com/vlahanam/rol-outfit/src/internal/repositories/user_repo.go:132.2,132.12 1 0
github.com/vlahanam/rol-outfit/src/internal/repositories/user_repo.go:136.75,143.25 3 0
github.com/vlahanam/rol-outfit/src/internal/repositories/user_repo.go:143.25,145.3 1 0
github.com/vlahanam/rol-outfit/src/internal/repositories/user_repo.go:146.2,146.30 1 0
github.com/vlahanam/rol-outfit/src/internal/repositories/user_repo.go:146.30,148.3 1 0
github.com/vlahanam/rol-outfit/src/internal/repositories/user_repo.go:149.2,149.12 1 0
github.com/vlahanam/rol-outfit/src/internal/repositories/widget_repo.go:24.84,25.62 1 0
github.com/vlahanam/rol-outfit/src/internal/repositories/widget_repo.go:25.62,27.3 1 0
github.com/vlahanam/rol-outfit/src/internal/repositories/widget_repo.go:28.2,28.12 1 0
github.com/vlahanam/rol-outfit/src/internal/repositories/widget_repo.go:31.97,36.16 3 0
github.com/vlahanam/rol-outfit/src/internal/repositories/widget_repo.go:36.16,37.45 1 0
github.com/vlahanam/rol-outfit/src/internal/repositories/widget_repo.go:37.45,39.4 1 0
github.com/vlahanam/rol-outfit/src/internal/repositories/widget_repo.go:40.3,40.65 1 0
github.com/vlahanam/rol-outfit/src/internal/repositories/widget_repo.go:42.2,42.16 1 0
github.com/vlahanam/rol-outfit/src/internal/repositories/widget_repo.go:45.102,48.16 3 0
github.com/vlahanam/rol-outfit/src/internal/repositories/widget_repo.go:48.16,49.45 1 0
github.com/vlahanam/rol-outfit/src/internal/repositories/widget_repo.go:49.45,51.4 1 0
github.com/vlahanam/rol-outfit/src/internal/repositories/widget_repo.go:52.3,52.73 1 0
github.com/vlahanam/rol-outfit/src/internal/repositories/widget_repo.go:54.2,54.16 1 0
github.com/vlahanam/rol-outfit/src/internal/repositories/widget_repo.go:57.129,62.21 4 0
github.com/vlahanam/rol-outfit/src/internal/repositories/widget_repo.go:62.21,64.3 1 0
github.com/vlahanam/rol-outfit/src/internal/repositories/widget_repo.go:64.8,66.3 1 0
github.com/vlahanam/rol-outfit/src/internal/repositories/widget_repo.go:68.2,68.47 1 0
github.com/vlahanam/rol-outfit/src/internal/repositories/widget_repo.go:68.47,70.3 1 0
github.com/vlahanam/rol-outfit/src/internal/repositories/widget_repo.go:71.2,71.103 1 0
github.com/vlahanam/rol-outfit/src/internal/repositories/widget_repo.go:71.103,73.3 1 0
github.com/vlahanam/rol-outfit/src/internal/repositories/widget_repo.go:74.2,74.28 1 0
github.com/vlahanam/rol-outfit/src/internal/repositories/widget_repo.go:77.134,82.21 4 0
github.com/vlahanam/rol-outfit/src/internal/repositories/widget_repo.go:82.21,84.3 1 0
github.com/vlahanam/rol-outfit/src/internal/repositories/widget_repo.go:84.8,86.3 1 0
github.com/vlahanam/rol-outfit/src/internal/repositories/widget_repo.go:88.2,88.47 1 0
github.com/vlahanam/rol-outfit/src/internal/repositories/widget_repo.go:88.47,90.3 1 0
github.com/vlahanam/rol-outfit/src/internal/repositories/widget_repo.go:91.2,91.103 1 0
github.com/vlahanam/rol-outfit/src/internal/repositories/widget_repo.go:91.103,93.3 1 0
github.com/vlahanam/rol-outfit/src/internal/repositories/widget_repo.go:94.2,94.28 1 0
github.com/vlahanam/rol-outfit/src/internal/repositories/widget_repo.go:97.100,100.21 3 0
github.com/vlahanam/rol-outfit/src/internal/repositories/widget_repo.go:100.21,102.3 1 0
github.com/vlahanam/rol-outfit/src/internal/repositories/widget_repo.go:102.8,104.3 1 0
github.com/vlahanam/rol-outfit/src/internal/repositories/widget_repo.go:105.2,105.91 1 0
github.com/vlahanam/rol-outfit/src/internal/repositories/widget_repo.go:105.91,107.3 1 0
github.com/vlahanam/rol-outfit/src/internal/repositories/widget_repo.go:108.2,108.22 1 0
github.com/vlahanam/rol-outfit/src/internal/repositories/widget_repo.go:111.108,116.25 2 0
github.com/vlahanam/rol-outfit/src/internal/repositories/widget_repo.go:116.25,118.3 1 0
github.com/vlahanam/rol-outfit/src/internal/repositories/widget_repo.go:119.2,119.30 1 0
github.com/vlahanam/rol-outfit/src/internal/repositories/widget_repo.go:119.30,121.3 1 0
github.com/vlahanam/rol-outfit/src/internal/repositories/widget_repo.go:122.2,122.12 1 0
github.com/vlahanam/rol-outfit/src/internal/repositories/widget_repo.go:125.77,129.25 2 0
github.com/vlahanam/rol-outfit/src/internal/repositories/widget_repo.go:129.25,131.3 1 0
github.com/vlahanam/rol-outfit/src/internal/repositories/widget_repo.go:132.2,132.30 1 0
github.com/vlahanam/rol-outfit/src/internal/repositories/widget_repo.go:132.30,134.3 1 0
github.com/vlahanam/rol-outfit/src/internal/repositories/widget_repo.go:135.2,135.12 1 0
github.com/vlahanam/rol-outfit/src/internal/i18n/i18n.go:16.13,19.70 3 0
github.com/vlahanam/rol-outfit/src/internal/i18n/i18n.go:19.70,20.69 1 0
github.com/vlahanam/rol-outfit/src/internal/i18n/i18n.go:20.69,21.62 1 0
github.com/vlahanam/rol-outfit/src/internal/i18n/i18n.go:28.39,31.16 3 0
github.com/vlahanam/rol-outfit/src/internal/i18n/i18n.go:31.16,33.3 1 0
github.com/vlahanam/rol-outfit/src/internal/i18n/i18n.go:34.2,34.12 1 0
github.com/vlahanam/rol-outfit/src/internal/i18n/i18n.go:39.47,40.22 1 0
github.com/vlahanam/rol-outfit/src/internal/i18n/i18n.go:40.22,42.3 1 0
github.com/vlahanam/rol-outfit/src/internal/i18n/i18n.go:43.2,44.34 2 0
github.com/vlahanam/rol-outfit/src/internal/i18n/i18n.go:44.34,46.3 1 0
github.com/vlahanam/rol-outfit/src/internal/i18n/i18n.go:47.2,51.22 5 0
github.com/vlahanam/rol-outfit/src/internal/controllers/auth_controller.go:19.60,20.35 1 0
github.com/vlahanam/rol-outfit/src/internal/controllers/auth_controller.go:20.35,24.47 3 0
github.com/vlahanam/rol-outfit/src/internal/controllers/auth_controller.go:24.47,28.4 1 0
github.com/vlahanam/rol-outfit/src/internal/controllers/auth_controller.go:30.3,30.40 1 0
github.com/vlahanam/rol-outfit/src/internal/controllers/auth_controller.go:30.40,33.22 3 0
github.com/vlahanam/rol-outfit/src/internal/controllers/auth_controller.go:33.22,35.5 1 0
github.com/vlahanam/rol-outfit/src/internal/controllers/auth_controller.go:36.4,36.56 1 0
github.com/vlahanam/rol-outfit/src/internal/controllers/auth_controller.go:39.3,43.17 4 0
github.com/vlahanam/rol-outfit/src/internal/controllers/auth_controller.go:43.17,44.54 1 0
github.com/vlahanam/rol-outfit/src/internal/controllers/auth_controller.go:44.54,48.5 1 0
github.com/vlahanam/rol-outfit/src/internal/controllers/auth_controller.go:49.4,49.54 1 0
github.com/vlahanam/rol-outfit/src/internal/controllers/auth_controller.go:49.54,53.5 1 0
github.com/vlahanam/rol-outfit/src/internal/controllers/auth_controller.go:54.4,57.5 2 0
github.com/vlahanam/rol-outfit/src/internal/controllers/auth_controller.go:60.3,60.75 1 0
github.com/vlahanam/rol-outfit/src/internal/controllers/auth_controller.go:66.57,67.35 1 0
github.com/vlahanam/rol-outfit/src/internal/controllers/auth_controller.go:67.35,72.47 3 0
github.com/vlahanam/rol-outfit/src/internal/controllers/auth_controller.go:72.47,76.4 1 0
github.com/vlahanam/rol-outfit/src/internal/controllers/auth_controller.go:78.3,78.40 1 0
github.com/vlahanam/rol-outfit/src/internal/controllers/auth_controller.go:78.40,81.22 3 0
github.com/vlahanam/rol-outfit/src/internal/controllers/auth_controller.go:81.22,83.5 1 0
github.com/vlahanam/rol-outfit/src/internal/controllers/auth_controller.go:84.4,84.56 1 0
github.com/vlahanam/rol-outfit/src/internal/controllers/auth_controller.go:87.3,91.17 4 0
github.com/vlahanam/rol-outfit/src/internal/controllers/auth_controller.go:91.17,92.54 1 0
github.com/vlahanam/rol-outfit/src/internal/controllers/auth_controller.go:92.54,96.5 1 0
github.com/vlahanam/rol-outfit/src/internal/controllers/auth_controller.go:97.4,97.49 1 0
github.com/vlahanam/rol-outfit/src/internal/controllers/auth_controller.go:97.49,101.5 1 0
github.com/vlahanam/rol-outfit/src/internal/controllers/auth_controller.go:102.4,105.5 2 0
github.com/vlahanam/rol-outfit/src/internal/controllers/auth_controller.go:108.3,108.70 1 0
github.com/vlahanam/rol-outfit/src/internal/controllers/auth_controller.go:114.59,115.35 1 0
github.com/vlahanam/rol-outfit/src/internal/controllers/auth_controller.go:115.35,119.47 3 0
github.com/vlahanam/rol-outfit/src/internal/controllers/auth_controller.go:119.47,123.4 1 0
github.com/vlahanam/rol-outfit/src/internal/controllers/auth_controller.go:124.3,124.40 1 0
github.com/vlahanam/rol-outfit/src/internal/controllers/auth_controller.go:124.40,127.22 3 0
github.com/vlahanam/rol-outfit/src/internal/controllers/auth_controller.go:127.22,129.5 1 0
github.com/vlahanam/rol-outfit/src/internal/controllers/auth_controller.go:130.4,130.56 1 0
github.com/vlahanam/rol-outfit/src/internal/controllers/auth_controller.go:133.3,137.17 4 0
github.com/vlahanam/rol-outfit/src/internal/controllers/auth_controller.go:137.17,138.55 1 0
github.com/vlahanam/rol-outfit/src/internal/controllers/auth_controller.go:138.55,142.5 1 0
github.com/vlahanam/rol-outfit/src/internal/controllers/auth_controller.go:143.4,143.54 1 0
github.com/vlahanam/rol-outfit/src/internal/controllers/auth_controller.go:143.54,147.5 1 0
github.com/vlahanam/rol-outfit/src/internal/controllers/auth_controller.go:148.4,149.90 2 0
github.com/vlahanam/rol-outfit/src/internal/controllers/auth_controller.go:152.3,152.70 1 0
github.com/vlahanam/rol-outfit/src/internal/controllers/auth_controller.go:158.58,159.35 1 0
github.com/vlahanam/rol-outfit/src/internal/controllers/auth_controller.go:159.35,163.47 3 0
github.com/vlahanam/rol-outfit/src/internal/controllers/auth_controller.go:163.47,167.4 1 0
github.com/vlahanam/rol-outfit/src/internal/controllers/auth_controller.go:170.3,174.47 4 0
github.com/vlahanam/rol-outfit/src/internal/controllers/cart_controller.go:18.55,21.2 2 0
github.com/vlahanam/rol-outfit/src/internal/controllers/cart_controller.go:23.54,25.16 2 0
github.com/vlahanam/rol-outfit/src/internal/controllers/cart_controller.go:25.16,27.3 1 0
github.com/vlahanam/rol-outfit/src/internal/controllers/cart_controller.go:28.2,29.9 2 0
github.com/vlahanam/rol-outfit/src/internal/controllers/cart_controller.go:29.9,31.3 1 0
github.com/vlahanam/rol-outfit/src/internal/controllers/cart_controller.go:32.2,32.16 1 0
github.com/vlahanam/rol-outfit/src/internal/controllers/cart_controller.go:36.41,37.35 1 0
github.com/vlahanam/rol-outfit/src/internal/controllers/cart_controller.go:37.35,39.17 2 0
github.com/vlahanam/rol-outfit/src/internal/controllers/cart_controller.go:39.17,41.4 1 0
github.com/vlahanam/rol-outfit/src/internal/controllers/cart_controller.go:43.3,45.17 3 0
github.com/vlahanam/rol-outfit/src/internal/controllers/cart_controller.go:45.17,48.4 2 0
github.com/vlahanam/rol-outfit/src/internal/controllers/cart_controller.go:49.3,49.67 1 0
github.com/vlahanam/rol-outfit/src/internal/controllers/cart_controller.go:54.45,55.35 1 0
github.com/vlahanam/rol-outfit/src/internal/controllers/cart_controller.go:55.35,58.17 3 0
github.com/vlahanam/rol-outfit/src/internal/controllers/cart_controller.go:58.17,60.4 1 0
github.com/vlahanam/rol-outfit/src/internal/controllers/cart_controller.go:62.3,63.47 2 0
github.com/vlahanam/rol-outfit/src/internal/controllers/cart_controller.go:63.47,67.4 1 0
github.com/vlahanam/rol-outfit/src/internal/controllers/cart_controller.go:68.3,68.40 1 0
github.com/vlahanam/rol-outfit/src/internal/controllers/cart_controller.go:68.40,71.22 3 0
github.com/vlahanam/rol-outfit/src/internal/controllers/cart_controller.go:71.22,73.5 1 0
github.com/vlahanam/rol-outfit/src/internal/controllers/cart_controller.go:74.4,74.56 1 0
github.com/vlahanam/rol-outfit/src/internal/controllers/cart_controller.go:77.3,79.17 3 0
github.com/vlahanam/rol-outfit/src/internal/controllers/cart_controller.go:79.17,80.51 1 0
github.com/vlahanam/rol-outfit/src/internal/controllers/cart_controller.go:80.51,84.5 1 0
github.com/vlahanam/rol-outfit/src/internal/controllers/cart_controller.go:85.4,86.90 2 0
github.com/vlahanam/rol-outfit/src/internal/controllers/cart_controller.go:88.3,88.92 1 0
github.com/vlahanam/rol-outfit/src/internal/controllers/cart_controller.go:93.48,94.35 1 0
github.com/vlahanam/rol-outfit/src/internal/controllers/cart_controller.go:94.35,97.17 3 0
github.com/vlahanam/rol-outfit/src/internal/controllers/cart_controller.go:97.17,99.4 1 0
github.com/vlahanam/rol-outfit/src/internal/controllers/cart_controller.go:100.3,103.47 3 0
github.com/vlahanam/rol-outfit/src/internal/controllers/cart_controller.go:103.47,107.4 1 0
github.com/vlahanam/rol-outfit/src/internal/controllers/cart_controller.go:108.3,108.40 1 0
github.com/vlahanam/rol-outfit/src/internal/controllers/cart_controller.go:108.40,111.22 3 0
github.com/vlahanam/rol-outfit/src/internal/controllers/cart_controller.go:111.22,113.5 1 0
github.com/vlahanam/rol-outfit/src/internal/controllers/cart_controller.go:114.4,114.56 1 0
github.com/vlahanam/rol-outfit/src/internal/controllers/cart_controller.go:117.3,118.77 2 0
github.com/vlahanam/rol-outfit/src/internal/controllers/cart_controller.go:118.77,119.52 1 0
github.com/vlahanam/rol-outfit/src/internal/controllers/cart_controller.go:119.52,123.5 1 0
github.com/vlahanam/rol-outfit/src/internal/controllers/cart_controller.go:124.4,124.52 1 0
github.com/vlahanam/rol-outfit/src/internal/controllers/cart_controller.go:124.52,128.5 1 0
github.com/vlahanam/rol-outfit/src/internal/controllers/cart_controller.go:129.4,130.90 2 0
github.com/vlahanam/rol-outfit/src/internal/controllers/cart_controller.go:132.3,132.47 1 0
github.com/vlahanam/rol-outfit/src/internal/controllers/cart_controller.go:137.48,138.35 1 0
github.com/vlahanam/rol-outfit/src/internal/controllers/cart_controller.go:138.35,141.17 3 0
github.com/vlahanam/rol-outfit/src/internal/controllers/cart_controller.go:141.17,143.4 1 0
github.com/vlahanam/rol-outfit/src/internal/controllers/cart_controller.go:144.3,147.71 3 0
github.com/vlahanam/rol-outfit/src/internal/controllers/cart_controller.go:147.71,148.52 1 0
github.com/vlahanam/rol-outfit/src/internal/controllers/cart_controller.go:148.52,152.5 1 0
github.com/vlahanam/rol-outfit/src/internal/controllers/cart_controller.go:153.4,153.52 1 0
github.com/vlahanam/rol-outfit/src/internal/controllers/cart_controller.go:153.52,157.5 1 0
github.com/vlahanam/rol-outfit/src/internal/controllers/cart_controller.go:158.4,159.90 2 0
github.com/vlahanam/rol-outfit/src/internal/controllers/cart_controller.go:161.3,161.47 1 0
github.com/vlahanam/rol-outfit/src/internal/controllers/category_controller.go:18.53,19.35 1 0
github.com/vlahanam/rol-outfit/src/internal/controllers/category_controller.go:19.35,21.46 2 0
github.com/vlahanam/rol-outfit/src/internal/controllers/category_controller.go:21.46,23.4 1 0
github.com/vlahanam/rol-outfit/src/internal/controllers/category_controller.go:24.3,31.17 6 0
github.com/vlahanam/rol-outfit/src/internal/controllers/category_controller.go:31.17,34.4 2 0
github.com/vlahanam/rol-outfit/src/internal/controllers/category_controller.go:36.3,37.32 2 0
github.com/vlahanam/rol-outfit/src/internal/controllers/category_controller.go:37.32,39.4 1 0
github.com/vlahanam/rol-outfit/src/internal/controllers/category_controller.go:40.3,41.58 2 0
github.com/vlahanam/rol-outfit/src/internal/controllers/category_controller.go:46.50,47.35 1 0
github.com/vlahanam/rol-outfit/src/internal/controllers/category_controller.go:47.35,55.17 6 0
github.com/vlahanam/rol-outfit/src/internal/controllers/category_controller.go:55.17,56.52 1 0
github.com/vlahanam/rol-outfit/src/internal/controllers/category_controller.go:56.52,60.5 1 0
github.com/vlahanam/rol-outfit/src/internal/controllers/category_controller.go:61.4,62.90 2 0
github.com/vlahanam/rol-outfit/src/internal/controllers/category_controller.go:64.3,64.61 1 0
github.com/vlahanam/rol-outfit/src/internal/controllers/category_controller.go:69.48,70.35 1 0
github.com/vlahanam/rol-outfit/src/internal/controllers/category_controller.go:70.35,72.46 2 0
github.com/vlahanam/rol-outfit/src/internal/controllers/category_controller.go:72.46,74.4 1 0
github.com/vlahanam/rol-outfit/src/internal/controllers/category_controller.go:75.3,82.17 6 0
github.com/vlahanam/rol-outfit/src/internal/controllers/category_controller.go:82.17,85.4 2 0
github.com/vlahanam/rol-outfit/src/internal/controllers/category_controller.go:87.3,88.32 2 0
github.com/vlahanam/rol-outfit/src/internal/controllers/category_controller.go:88.32,90.4 1 0
github.com/vlahanam/rol-outfit/src/internal/controllers/category_controller.go:91.3,92.58 2 0
github.com/vlahanam/rol-outfit/src/internal/controllers/category_controller.go:97.45,98.35 1 0
github.com/vlahanam/rol-outfit/src/internal/controllers/category_controller.go:98.35,106.17 6 0
github.com/vlahanam/rol-outfit/src/internal/controllers/category_controller.go:106.17,107.52 1 0
github.com/vlahanam/rol-outfit/src/internal/controllers/category_controller.go:107.52,111.5 1 0
github.com/vlahanam/rol-outfit/src/internal/controllers/category_controller.go:112.4,113.90 2 0
github.com/vlahanam/rol-outfit/src/internal/controllers/category_controller.go:115.3,115.61 1 0
github.com/vlahanam/rol-outfit/src/internal/controllers/category_controller.go:120.48,121.35 1 0
github.com/vlahanam/rol-outfit/src/internal/controllers/category_controller.go:121.35,125.47 3 0
github.com/vlahanam/rol-outfit/src/internal/controllers/category_controller.go:125.47,129.4 1 0
github.com/vlahanam/rol-outfit/src/internal/controllers/category_controller.go:130.3,130.40 1 0
github.com/vlahanam/rol-outfit/src/internal/controllers/category_controller.go:130.40,133.22 3 0
github.com/vlahanam/rol-outfit/src/internal/controllers/category_controller.go:133.22,135.5 1 0
github.com/vlahanam/rol-outfit/src/internal/controllers/category_controller.go:136.4,136.56 1 0
github.com/vlahanam/rol-outfit/src/internal/controllers/category_controller.go:139.3,143.17 4 0
github.com/vlahanam/rol-outfit/src/internal/controllers/category_controller.go:143.17,144.53 1 0
github.com/vlahanam/rol-outfit/src/internal/controllers/category_controller.go:144.53,148.5 1 0
github.com/vlahanam/rol-outfit/src/internal/controllers/category_controller.go:149.4,150.90 2 0
github.com/vlahanam/rol-outfit/src/internal/controllers/category_controller.go:152.3,152.89 1 0
github.com/vlahanam/rol-outfit/src/internal/controllers/category_controller.go:157.48,158.35 1 0
github.com/vlahanam/rol-outfit/src/internal/controllers/category_controller.go:158.35,163.47 4 0
github.com/vlahanam/rol-outfit/src/internal/controllers/category_controller.go:163.47,167.4 1 0
github.com/vlahanam/rol-outfit/src/internal/controllers/category_controller.go:168.3,168.40 1 0
github.com/vlahanam/rol-outfit/src/internal/controllers/category_controller.go:168.40,171.22 3 0
github.com/vlahanam/rol-outfit/src/internal/controllers/category_controller.go:171.22,173.5 1 0
github.com/vlahanam/rol-outfit/src/internal/controllers/category_controller.go:174.4,174.56 1 0
github.com/vlahanam/rol-outfit/src/internal/controllers/category_controller.go:177.3,180.61 3 0
github.com/vlahanam/rol-outfit/src/internal/controllers/category_controller.go:180.61,181.52 1 0
github.com/vlahanam/rol-outfit/src/internal/controllers/category_controller.go:181.52,185.5 1 0
github.com/vlahanam/rol-outfit/src/internal/controllers/category_controller.go:186.4,186.53 1 0
github.com/vlahanam/rol-outfit/src/internal/controllers/category_controller.go:186.53,190.5 1 0
github.com/vlahanam/rol-outfit/src/internal/controllers/category_controller.go:191.4,192.90 2 0
github.com/vlahanam/rol-outfit/src/internal/controllers/category_controller.go:194.3,194.47 1 0
github.com/vlahanam/rol-outfit/src/internal/controllers/category_controller.go:199.48,200.35 1 0
github.com/vlahanam/rol-outfit/src/internal/controllers/category_controller.go:200.35,207.55 5 0
github.com/vlahanam/rol-outfit/src/internal/controllers/category_controller.go:207.55,208.52 1 0
github.com/vlahanam/rol-outfit/src/internal/controllers/category_controller.go:208.52,212.5 1 0
github.com/vlahanam/rol-outfit/src/internal/controllers/category_controller.go:213.4,214.90 2 0
github.com/vlahanam/rol-outfit/src/internal/controllers/category_controller.go:216.3,216.47 1 0
github.com/vlahanam/rol-outfit/src/internal/controllers/order_controller.go:18.57,21.2 2 0
github.com/vlahanam/rol-outfit/src/internal/controllers/order_controller.go:24.45,25.35 1 0
github.com/vlahanam/rol-outfit/src/internal/controllers/order_controller.go:25.35,28.17 3 0
github.com/vlahanam/rol-outfit/src/internal/controllers/order_controller.go:28.17,30.4 1 0
github.com/vlahanam/rol-outfit/src/internal/controllers/order_controller.go:32.3,33.47 2 0
github.com/vlahanam/rol-outfit/src/internal/controllers/order_controller.go:33.47,37.4 1 0
github.com/vlahanam/rol-outfit/src/internal/controllers/order_controller.go:38.3,38.40 1 0
github.com/vlahanam/rol-outfit/src/internal/controllers/order_controller.go:38.40,41.22 3 0
github.com/vlahanam/rol-outfit/src/internal/controllers/order_controller.go:41.22,43.5 1 0
github.com/vlahanam/rol-outfit/src/internal/controllers/order_controller.go:44.4,44.56 1 0
github.com/vlahanam/rol-outfit/src/internal/controllers/order_controller.go:47.3,49.17 3 0
github.com/vlahanam/rol-outfit/src/internal/controllers/order_controller.go:49.17,50.45 1 0
github.com/vlahanam/rol-outfit/src/internal/controllers/order_controller.go:50.45,54.5 1 0
github.com/vlahanam/rol-outfit/src/internal/controllers/order_controller.go:55.4,56.90 2 0
github.com/vlahanam/rol-outfit/src/internal/controllers/order_controller.go:58.3,58.97 1 0
github.com/vlahanam/rol-outfit/src/internal/controllers/order_controller.go:63.44,64.35 1 0
github.com/vlahanam/rol-outfit/src/internal/controllers/order_controller.go:64.35,66.17 2 0
github.com/vlahanam/rol-outfit/src/internal/controllers/order_controller.go:66.17,68.4 1 0
github.com/vlahanam/rol-outfit/src/internal/controllers/order_controller.go:70.3,71.46 2 0
github.com/vlahanam/rol-outfit/src/internal/controllers/order_controller.go:71.46,73.4 1 0
github.com/vlahanam/rol-outfit/src/internal/controllers/order_controller.go:74.3,79.17 5 0
github.com/vlahanam/rol-outfit/src/internal/controllers/order_controller.go:79.17,82.4 2 0
github.com/vlahanam/rol-outfit/src/internal/controllers/order_controller.go:84.3,85.28 2 0
github.com/vlahanam/rol-outfit/src/internal/controllers/order_controller.go:85.28,87.4 1 0
github.com/vlahanam/rol-outfit/src/internal/controllers/order_controller.go:88.3,89.58 2 0
github.com/vlahanam/rol-outfit/src/internal/controllers/order_controller.go:94.42,95.35 1 0
github.com/vlahanam/rol-outfit/src/internal/controllers/order_controller.go:95.35,98.17 3 0
github.com/vlahanam/rol-outfit/src/internal/controllers/order_controller.go:98.17,100.4 1 0
github.com/vlahanam/rol-outfit/src/internal/controllers/order_controller.go:101.3,105.17 4 0
github.com/vlahanam/rol-outfit/src/internal/controllers/order_controller.go:105.17,106.49 1 0
github.com/vlahanam/rol-outfit/src/internal/controllers/order_controller.go:106.49,110.5 1 0
github.com/vlahanam/rol-outfit/src/internal/controllers/order_controller.go:111.4,111.49 1 0
github.com/vlahanam/rol-outfit/src/internal/controllers/order_controller.go:111.49,115.5 1 0
github.com/vlahanam/rol-outfit/src/internal/controllers/order_controller.go:116.4,117.90 2 0
github.com/vlahanam/rol-outfit/src/internal/controllers/order_controller.go:119.3,119.69 1 0
github.com/vlahanam/rol-outfit/src/internal/controllers/order_controller.go:124.53,125.35 1 0
github.com/vlahanam/rol-outfit/src/internal/controllers/order_controller.go:125.35,128.17 3 0
github.com/vlahanam/rol-outfit/src/internal/controllers/order_controller.go:128.17,130.4 1 0
github.com/vlahanam/rol-outfit/src/internal/controllers/order_controller.go:131.3,134.47 3 0
github.com/vlahanam/rol-outfit/src/internal/controllers/order_controller.go:134.47,138.4 1 0
github.com/vlahanam/rol-outfit/src/internal/controllers/order_controller.go:139.3,139.40 1 0
github.com/vlahanam/rol-outfit/src/internal/controllers/order_controller.go:139.40,142.22 3 0
github.com/vlahanam/rol-outfit/src/internal/controllers/order_controller.go:142.22,144.5 1 0
github.com/vlahanam/rol-outfit/src/internal/controllers/order_controller.go:145.4,145.56 1 0
github.com/vlahanam/rol-outfit/src/internal/controllers/order_controller.go:148.3,149.86 2 0
github.com/vlahanam/rol-outfit/src/internal/controllers/order_controller.go:149.86,150.49 1 0
github.com/vlahanam/rol-outfit/src/internal/controllers/order_controller.go:150.49,154.5 1 0
github.com/vlahanam/rol-outfit/src/internal/controllers/order_controller.go:155.4,155.49 1 0
github.com/vlahanam/rol-outfit/src/internal/controllers/order_controller.go:155.49,159.5 1 0
github.com/vlahanam/rol-outfit/src/internal/controllers/order_controller.go:160.4,160.56 1 0
github.com/vlahanam/rol-outfit/src/internal/controllers/order_controller.go:160.56,164.5 1 0
github.com/vlahanam/rol-outfit/src/internal/controllers/order_controller.go:165.4,166.90 2 0
github.com/vlahanam/rol-outfit/src/internal/controllers/order_controller.go:168.3,168.47 1 0
github.com/vlahanam/rol-outfit/src/internal/controllers/order_controller.go:173.45,174.35 1 0
github.com/vlahanam/rol-outfit/src/internal/controllers/order_controller.go:174.35,177.17 3 0
github.com/vlahanam/rol-outfit/src/internal/controllers/order_controller.go:177.17,179.4 1 0
github.com/vlahanam/rol-outfit/src/internal/controllers/order_controller.go:180.3,183.73 3 0
github.com/vlahanam/rol-outfit/src/internal/controllers/order_controller.go:183.73,184.49 1 0
github.com/vlahanam/rol-outfit/src/internal/controllers/order_controller.go:184.49,188.5 1 0
github.com/vlahanam/rol-outfit/src/internal/controllers/order_controller.go:189.4,189.49 1 0
github.com/vlahanam/rol-outfit/src/internal/controllers/order_controller.go:189.49,193.5 1 0
github.com/vlahanam/rol-outfit/src/internal/controllers/order_controller.go:194.4,194.48 1 0
github.com/vlahanam/rol-outfit/src/internal/controllers/order_controller.go:194.48,198.5 1 0
github.com/vlahanam/rol-outfit/src/internal/controllers/order_controller.go:199.4,200.90 2 0
github.com/vlahanam/rol-outfit/src/internal/controllers/order_controller.go:202.3,202.47 1 0
github.com/vlahanam/rol-outfit/src/internal/controllers/order_controller.go:207.47,208.35 1 0
github.com/vlahanam/rol-outfit/src/internal/controllers/order_controller.go:208.35,210.46 2 0
github.com/vlahanam/rol-outfit/src/internal/controllers/order_controller.go:210.46,212.4 1 0
github.com/vlahanam/rol-outfit/src/internal/controllers/order_controller.go:213.3,222.17 9 0
github.com/vlahanam/rol-outfit/src/internal/controllers/order_controller.go:222.17,225.4 2 0
github.com/vlahanam/rol-outfit/src/internal/controllers/order_controller.go:227.3,228.28 2 0
github.com/vlahanam/rol-outfit/src/internal/controllers/order_controller.go:228.28,230.4 1 0
github.com/vlahanam/rol-outfit/src/internal/controllers/order_controller.go:231.3,232.58 2 0
github.com/vlahanam/rol-outfit/src/internal/controllers/order_controller.go:237.51,238.35 1 0
github.com/vlahanam/rol-outfit/src/internal/controllers/order_controller.go:238.35,243.47 4 0
github.com/vlahanam/rol-outfit/src/internal/controllers/order_controller.go:243.47,247.4 1 0
github.com/vlahanam/rol-outfit/src/internal/controllers/order_controller.go:248.3,248.40 1 0
github.com/vlahanam/rol-outfit/src/internal/controllers/order_controller.go:248.40,251.22 3 0
github.com/vlahanam/rol-outfit/src/internal/controllers/order_controller.go:251.22,253.5 1 0
github.com/vlahanam/rol-outfit/src/internal/controllers/order_controller.go:254.4,254.56 1 0
github.com/vlahanam/rol-outfit/src/internal/controllers/order_controller.go:257.3,258.78 2 0
github.com/vlahanam/rol-outfit/src/internal/controllers/order_controller.go:258.78,259.49 1 0
github.com/vlahanam/rol-outfit/src/internal/controllers/order_controller.go:259.49,263.5 1 0
github.com/vlahanam/rol-outfit/src/internal/controllers/order_controller.go:264.4,265.90 2 0
github.com/vlahanam/rol-outfit/src/internal/controllers/order_controller.go:267.3,267.47 1 0
github.com/vlahanam/rol-outfit/src/internal/controllers/product_controller.go:20.46,21.35 1 0
github.com/vlahanam/rol-outfit/src/internal/controllers/product_controller.go:21.35,23.46 2 0
github.com/vlahanam/rol-outfit/src/internal/controllers/product_controller.go:23.46,25.4 1 0
github.com/vlahanam/rol-outfit/src/internal/controllers/product_controller.go:26.3,31.54 5 0
github.com/vlahanam/rol-outfit/src/internal/controllers/product_controller.go:31.54,32.52 1 0
github.com/vlahanam/rol-outfit/src/internal/controllers/product_controller.go:32.52,33.55 1 0
github.com/vlahanam/rol-outfit/src/internal/controllers/product_controller.go:33.55,35.6 1 0
github.com/vlahanam/rol-outfit/src/internal/controllers/product_controller.go:38.3,38.75 1 0
github.com/vlahanam/rol-outfit/src/internal/controllers/product_controller.go:38.75,40.4 1 0
github.com/vlahanam/rol-outfit/src/internal/controllers/product_controller.go:42.3,46.17 4 0
github.com/vlahanam/rol-outfit/src/internal/controllers/product_controller.go:46.17,49.4 2 0
github.com/vlahanam/rol-outfit/src/internal/controllers/product_controller.go:51.3,52.30 2 0
github.com/vlahanam/rol-outfit/src/internal/controllers/product_controller.go:52.30,54.4 1 0
github.com/vlahanam/rol-outfit/src/internal/controllers/product_controller.go:55.3,56.58 2 0
github.com/vlahanam/rol-outfit/src/internal/controllers/product_controller.go:61.44,62.35 1 0
github.com/vlahanam/rol-outfit/src/internal/controllers/product_controller.go:62.35,66.43 3 0
github.com/vlahanam/rol-outfit/src/internal/controllers/product_controller.go:66.43,70.4 1 0
github.com/vlahanam/rol-outfit/src/internal/controllers/product_controller.go:72.3,76.17 4 0
github.com/vlahanam/rol-outfit/src/internal/controllers/product_controller.go:76.17,77.51 1 0
github.com/vlahanam/rol-outfit/src/internal/controllers/product_controller.go:77.51,81.5 1 0
github.com/vlahanam/rol-outfit/src/internal/controllers/product_controller.go:82.4,83.90 2 0
github.com/vlahanam/rol-outfit/src/internal/controllers/product_controller.go:86.3,88.17 3 0
github.com/vlahanam/rol-outfit/src/internal/controllers/product_controller.go:88.17,91.4 2 0
github.com/vlahanam/rol-outfit/src/internal/controllers/product_controller.go:92.3,92.72 1 0
github.com/vlahanam/rol-outfit/src/internal/controllers/product_controller.go:97.47,98.35 1 0
github.com/vlahanam/rol-outfit/src/internal/controllers/product_controller.go:98.35,102.47 3 0
github.com/vlahanam/rol-outfit/src/internal/controllers/product_controller.go:102.47,106.4 1 0
github.com/vlahanam/rol-outfit/src/internal/controllers/product_controller.go:107.3,107.40 1 0
github.com/vlahanam/rol-outfit/src/internal/controllers/product_controller.go:107.40,110.22 3 0
github.com/vlahanam/rol-outfit/src/internal/controllers/product_controller.go:110.22,112.5 1 0
github.com/vlahanam/rol-outfit/src/internal/controllers/product_controller.go:113.4,113.56 1 0
github.com/vlahanam/rol-outfit/src/internal/controllers/product_controller.go:116.3,120.17 4 0
github.com/vlahanam/rol-outfit/src/internal/controllers/product_controller.go:120.17,121.52 1 0
github.com/vlahanam/rol-outfit/src/internal/controllers/product_controller.go:121.52,125.5 1 0
github.com/vlahanam/rol-outfit/src/internal/controllers/product_controller.go:126.4,127.90 2 0
github.com/vlahanam/rol-outfit/src/internal/controllers/product_controller.go:129.3,129.88 1 0
github.com/vlahanam/rol-outfit/src/internal/controllers/product_controller.go:134.47,135.35 1 0
github.com/vlahanam/rol-outfit/src/internal/controllers/product_controller.go:135.35,139.43 3 0
github.com/vlahanam/rol-outfit/src/internal/controllers/product_controller.go:139.43,143.4 1 0
github.com/vlahanam/rol-outfit/src/internal/controllers/product_controller.go:145.3,146.47 2 0
github.com/vlahanam/rol-outfit/src/internal/controllers/product_controller.go:146.47,150.4 1 0
github.com/vlahanam/rol-outfit/src/internal/controllers/product_controller.go:151.3,151.40 1 0
github.com/vlahanam/rol-outfit/src/internal/controllers/product_controller.go:151.40,154.22 3 0
github.com/vlahanam/rol-outfit/src/internal/controllers/product_controller.go:154.22,156.5 1 0
github.com/vlahanam/rol-outfit/src/internal/controllers/product_controller.go:157.4,157.56 1 0
github.com/vlahanam/rol-outfit/src/internal/controllers/product_controller.go:160.3,163.61 3 0
github.com/vlahanam/rol-outfit/src/internal/controllers/product_controller.go:163.61,164.51 1 0
github.com/vlahanam/rol-outfit/src/internal/controllers/product_controller.go:164.51,168.5 1 0
github.com/vlahanam/rol-outfit/src/internal/controllers/product_controller.go:169.4,169.52 1 0
github.com/vlahanam/rol-outfit/src/internal/controllers/product_controller.go:169.52,173.5 1 0
github.com/vlahanam/rol-outfit/src/internal/controllers/product_controller.go:174.4,175.90 2 0
github.com/vlahanam/rol-outfit/src/internal/controllers/product_controller.go:177.3,177.47 1 0
github.com/vlahanam/rol-outfit/src/internal/controllers/product_controller.go:182.47,183.35 1 0
github.com/vlahanam/rol-outfit/src/internal/controllers/product_controller.go:183.35,187.43 3 0
github.com/vlahanam/rol-outfit/src/internal/controllers/product_controller.go:187.43,191.4 1 0
github.com/vlahanam/rol-outfit/src/internal/controllers/product_controller.go:193.3,196.55 3 0
github.com/vlahanam/rol-outfit/src/internal/controllers/product_controller.go:196.55,197.51 1 0
github.com/vlahanam/rol-outfit/src/internal/controllers/product_controller.go:197.51,201.5 1 0
github.com/vlahanam/rol-outfit/src/internal/controllers/product_controller.go:202.4,203.90 2 0
github.com/vlahanam/rol-outfit/src/internal/controllers/product_controller.go:205.3,205.47 1 0
github.com/vlahanam/rol-outfit/src/internal/controllers/product_controller.go:210.49,211.35 1 0
github.com/vlahanam/rol-outfit/src/internal/controllers/product_controller.go:211.35,215.43 3 0
github.com/vlahanam/rol-outfit/src/internal/controllers/product_controller.go:215.43,219.4 1 0
github.com/vlahanam/rol-outfit/src/internal/controllers/product_controller.go:221.3,225.17 4 0
github.com/vlahanam/rol-outfit/src/internal/controllers/product_controller.go:225.17,226.51 1 0
github.com/vlahanam/rol-outfit/src/internal/controllers/product_controller.go:226.51,230.5 1 0
github.com/vlahanam/rol-outfit/src/internal/controllers/product_controller.go:231.4,232.90 2 0
github.com/vlahanam/rol-outfit/src/internal/controllers/product_controller.go:235.3,237.17 3 0
github.com/vlahanam/rol-outfit/src/internal/controllers/product_controller.go:237.17,240.4 2 0
github.com/vlahanam/rol-outfit/src/internal/controllers/product_controller.go:241.3,241.87 1 0
github.com/vlahanam/rol-outfit/src/internal/controllers/product_controller.go:247.51,248.35 1 0
github.com/vlahanam/rol-outfit/src/internal/controllers/product_controller.go:248.35,250.46 2 0
github.com/vlahanam/rol-outfit/src/internal/controllers/product_controller.go:250.46,252.4 1 0
github.com/vlahanam/rol-outfit/src/internal/controllers/product_controller.go:253.3,263.17 8 0
github.com/vlahanam/rol-outfit/src/internal/controllers/product_controller.go:263.17,266.4 2 0
github.com/vlahanam/rol-outfit/src/internal/controllers/product_controller.go:268.3,269.31 2 0
github.com/vlahanam/rol-outfit/src/internal/controllers/product_controller.go:269.31,271.4 1 0
github.com/vlahanam/rol-outfit/src/internal/controllers/product_controller.go:272.3,273.58 2 0
github.com/vlahanam/rol-outfit/src/internal/controllers/product_tag_controller.go:18.51,19.35 1 0
github.com/vlahanam/rol-outfit/src/internal/controllers/product_tag_controller.go:19.35,23.43 3 0
github.com/vlahanam/rol-outfit/src/internal/controllers/product_tag_controller.go:23.43,27.4 1 0
github.com/vlahanam/rol-outfit/src/internal/controllers/product_tag_controller.go:29.3,30.47 2 0
github.com/vlahanam/rol-outfit/src/internal/controllers/product_tag_controller.go:30.47,34.4 1 0
github.com/vlahanam/rol-outfit/src/internal/controllers/product_tag_controller.go:35.3,35.40 1 0
github.com/vlahanam/rol-outfit/src/internal/controllers/product_tag_controller.go:35.40,38.22 3 0
github.com/vlahanam/rol-outfit/src/internal/controllers/product_tag_controller.go:38.22,40.5 1 0
github.com/vlahanam/rol-outfit/src/internal/controllers/product_tag_controller.go:41.4,41.56 1 0
github.com/vlahanam/rol-outfit/src/internal/controllers/product_tag_controller.go:44.3,47.67 3 0
github.com/vlahanam/rol-outfit/src/internal/controllers/product_tag_controller.go:47.67,48.11 1 0
github.com/vlahanam/rol-outfit/src/internal/controllers/product_tag_controller.go:49.49,52.6 1 0
github.com/vlahanam/rol-outfit/src/internal/controllers/product_tag_controller.go:53.53,56.6 1 0
github.com/vlahanam/rol-outfit/src/internal/controllers/product_tag_controller.go:57.53,60.6 1 0
github.com/vlahanam/rol-outfit/src/internal/controllers/product_tag_controller.go:62.4,63.90 2 0
github.com/vlahanam/rol-outfit/src/internal/controllers/product_tag_controller.go:66.3,66.47 1 0
github.com/vlahanam/rol-outfit/src/internal/controllers/product_variant_controller.go:19.46,20.35 1 0
github.com/vlahanam/rol-outfit/src/internal/controllers/product_variant_controller.go:20.35,23.50 3 0
github.com/vlahanam/rol-outfit/src/internal/controllers/product_variant_controller.go:23.50,27.4 1 0
github.com/vlahanam/rol-outfit/src/internal/controllers/product_variant_controller.go:29.3,30.46 2 0
github.com/vlahanam/rol-outfit/src/internal/controllers/product_variant_controller.go:30.46,32.4 1 0
github.com/vlahanam/rol-outfit/src/internal/controllers/product_variant_controller.go:33.3,40.17 6 0
github.com/vlahanam/rol-outfit/src/internal/controllers/product_variant_controller.go:40.17,43.4 2 0
github.com/vlahanam/rol-outfit/src/internal/controllers/product_variant_controller.go:46.3,49.30 3 0
github.com/vlahanam/rol-outfit/src/internal/controllers/product_variant_controller.go:49.30,51.4 1 0
github.com/vlahanam/rol-outfit/src/internal/controllers/product_variant_controller.go:52.3,53.58 2 0
github.com/vlahanam/rol-outfit/src/internal/controllers/product_variant_controller.go:58.44,59.35 1 0
github.com/vlahanam/rol-outfit/src/internal/controllers/product_variant_controller.go:59.35,64.45 4 0
github.com/vlahanam/rol-outfit/src/internal/controllers/product_variant_controller.go:64.45,65.43 1 0
github.com/vlahanam/rol-outfit/src/internal/controllers/product_variant_controller.go:65.43,69.5 1 0
github.com/vlahanam/rol-outfit/src/internal/controllers/product_variant_controller.go:72.3,76.17 4 0
github.com/vlahanam/rol-outfit/src/internal/controllers/product_variant_controller.go:76.17,77.99 1 0
github.com/vlahanam/rol-outfit/src/internal/controllers/product_variant_controller.go:77.99,81.5 1 0
github.com/vlahanam/rol-outfit/src/internal/controllers/product_variant_controller.go:82.4,83.90 2 0
github.com/vlahanam/rol-outfit/src/internal/controllers/product_variant_controller.go:86.3,87.80 2 0
github.com/vlahanam/rol-outfit/src/internal/controllers/product_variant_controller.go:92.47,93.35 1 0
github.com/vlahanam/rol-outfit/src/internal/controllers/product_variant_controller.go:93.35,96.50 3 0
github.com/vlahanam/rol-outfit/src/internal/controllers/product_variant_controller.go:96.50,100.4 1 0
github.com/vlahanam/rol-outfit/src/internal/controllers/product_variant_controller.go:102.3,103.47 2 0
github.com/vlahanam/rol-outfit/src/internal/controllers/product_variant_controller.go:103.47,107.4 1 0
github.com/vlahanam/rol-outfit/src/internal/controllers/product_variant_controller.go:108.3,108.40 1 0
github.com/vlahanam/rol-outfit/src/internal/controllers/product_variant_controller.go:108.40,111.22 3 0
github.com/vlahanam/rol-outfit/src/internal/controllers/product_variant_controller.go:111.22,113.5 1 0
github.com/vlahanam/rol-outfit/src/internal/controllers/product_variant_controller.go:114.4,114.56 1 0
github.com/vlahanam/rol-outfit/src/internal/controllers/product_variant_controller.go:117.3,121.17 4 0
github.com/vlahanam/rol-outfit/src/internal/controllers/product_variant_controller.go:121.17,122.61 1 0
github.com/vlahanam/rol-outfit/src/internal/controllers/product_variant_controller.go:122.61,126.5 1 0
github.com/vlahanam/rol-outfit/src/internal/controllers/product_variant_controller.go:127.4,128.90 2 0
github.com/vlahanam/rol-outfit/src/internal/controllers/product_variant_controller.go:130.3,130.88 1 0
github.com/vlahanam/rol-outfit/src/internal/controllers/product_variant_controller.go:135.47,136.35 1 0
github.com/vlahanam/rol-outfit/src/internal/controllers/product_variant_controller.go:136.35,141.45 4 0
github.com/vlahanam/rol-outfit/src/internal/controllers/product_variant_controller.go:141.45,142.43 1 0
github.com/vlahanam/rol-outfit/src/internal/controllers/product_variant_controller.go:142.43,146.5 1 0
github.com/vlahanam/rol-outfit/src/internal/controllers/product_variant_controller.go:149.3,150.47 2 0
github.com/vlahanam/rol-outfit/src/internal/controllers/product_variant_controller.go:150.47,154.4 1 0
github.com/vlahanam/rol-outfit/src/internal/controllers/product_variant_controller.go:155.3,155.40 1 0
github.com/vlahanam/rol-outfit/src/internal/controllers/product_variant_controller.go:155.40,158.22 3 0
github.com/vlahanam/rol-outfit/src/internal/controllers/product_variant_controller.go:158.22,160.5 1 0
github.com/vlahanam/rol-outfit/src/internal/controllers/product_variant_controller.go:161.4,161.56 1 0
github.com/vlahanam/rol-outfit/src/internal/controllers/product_variant_controller.go:164.3,167.72 3 0
github.com/vlahanam/rol-outfit/src/internal/controllers/product_variant_controller.go:167.72,168.99 1 0
github.com/vlahanam/rol-outfit/src/internal/controllers/product_variant_controller.go:168.99,172.5 1 0
github.com/vlahanam/rol-outfit/src/internal/controllers/product_variant_controller.go:173.4,173.61 1 0
github.com/vlahanam/rol-outfit/src/internal/controllers/product_variant_controller.go:173.61,177.5 1 0
github.com/vlahanam/rol-outfit/src/internal/controllers/product_variant_controller.go:178.4,179.90 2 0
github.com/vlahanam/rol-outfit/src/internal/controllers/product_variant_controller.go:181.3,181.47 1 0
github.com/vlahanam/rol-outfit/src/internal/controllers/product_variant_controller.go:186.47,187.35 1 0
github.com/vlahanam/rol-outfit/src/internal/controllers/product_variant_controller.go:187.35,192.45 4 0
github.com/vlahanam/rol-outfit/src/internal/controllers/product_variant_controller.go:192.45,193.43 1 0
github.com/vlahanam/rol-outfit/src/internal/controllers/product_variant_controller.go:193.43,197.5 1 0
github.com/vlahanam/rol-outfit/src/internal/controllers/product_variant_controller.go:200.3,203.66 3 0
github.com/vlahanam/rol-outfit/src/internal/controllers/product_variant_controller.go:203.66,204.99 1 0
github.com/vlahanam/rol-outfit/src/internal/controllers/product_variant_controller.go:204.99,208.5 1 0
github.com/vlahanam/rol-outfit/src/internal/controllers/product_variant_controller.go:209.4,210.90 2 0
github.com/vlahanam/rol-outfit/src/internal/controllers/product_variant_controller.go:212.3,212.47 1 0
github.com/vlahanam/rol-outfit/src/internal/controllers/tag_controller.go:19.42,20.35 1 0
github.com/vlahanam/rol-outfit/src/internal/controllers/tag_controller.go:20.35,22.46 2 0
github.com/vlahanam/rol-outfit/src/internal/controllers/tag_controller.go:22.46,24.4 1 0
github.com/vlahanam/rol-outfit/src/internal/controllers/tag_controller.go:25.3,30.17 5 0
github.com/vlahanam/rol-outfit/src/internal/controllers/tag_controller.go:30.17,33.4 2 0
github.com/vlahanam/rol-outfit/src/internal/controllers/tag_controller.go:34.3,35.26 2 0
github.com/vlahanam/rol-outfit/src/internal/controllers/tag_controller.go:35.26,37.4 1 0
github.com/vlahanam/rol-outfit/src/internal/controllers/tag_controller.go:38.3,39.58 2 0
github.com/vlahanam/rol-outfit/src/internal/controllers/tag_controller.go:44.40,45.35 1 0
github.com/vlahanam/rol-outfit/src/internal/controllers/tag_controller.go:45.35,48.43 3 0
github.com/vlahanam/rol-outfit/src/internal/controllers/tag_controller.go:48.43,50.4 1 0
github.com/vlahanam/rol-outfit/src/internal/controllers/tag_controller.go:51.3,53.17 3 0
github.com/vlahanam/rol-outfit/src/internal/controllers/tag_controller.go:53.17,54.47 1 0
github.com/vlahanam/rol-outfit/src/internal/controllers/tag_controller.go:54.47,56.5 1 0
github.com/vlahanam/rol-outfit/src/internal/controllers/tag_controller.go:57.4,58.90 2 0
github.com/vlahanam/rol-outfit/src/internal/controllers/tag_controller.go:60.3,60.56 1 0
github.com/vlahanam/rol-outfit/src/internal/controllers/tag_controller.go:65.47,66.35 1 0
github.com/vlahanam/rol-outfit/src/internal/controllers/tag_controller.go:66.35,68.46 2 0
github.com/vlahanam/rol-outfit/src/internal/controllers/tag_controller.go:68.46,70.4 1 0
github.com/vlahanam/rol-outfit/src/internal/controllers/tag_controller.go:71.3,76.17 5 0
github.com/vlahanam/rol-outfit/src/internal/controllers/tag_controller.go:76.17,79.4 2 0
github.com/vlahanam/rol-outfit/src/internal/controllers/tag_controller.go:80.3,81.26 2 0
github.com/vlahanam/rol-outfit/src/internal/controllers/tag_controller.go:81.26,83.4 1 0
github.com/vlahanam/rol-outfit/src/internal/controllers/tag_controller.go:84.3,85.58 2 0
github.com/vlahanam/rol-outfit/src/internal/controllers/tag_controller.go:90.45,91.35 1 0
github.com/vlahanam/rol-outfit/src/internal/controllers/tag_controller.go:91.35,94.43 3 0
github.com/vlahanam/rol-outfit/src/internal/controllers/tag_controller.go:94.43,96.4 1 0
github.com/vlahanam/rol-outfit/src/internal/controllers/tag_controller.go:97.3,99.17 3 0
github.com/vlahanam/rol-outfit/src/internal/controllers/tag_controller.go:99.17,100.47 1 0
github.com/vlahanam/rol-outfit/src/internal/controllers/tag_controller.go:100.47,102.5 1 0
github.com/vlahanam/rol-outfit/src/internal/controllers/tag_controller.go:103.4,104.90 2 0
github.com/vlahanam/rol-outfit/src/internal/controllers/tag_controller.go:106.3,106.56 1 0
github.com/vlahanam/rol-outfit/src/internal/controllers/tag_controller.go:111.43,112.35 1 0
github.com/vlahanam/rol-outfit/src/internal/controllers/tag_controller.go:112.35,115.47 3 0
github.com/vlahanam/rol-outfit/src/internal/controllers/tag_controller.go:115.47,117.4 1 0
github.com/vlahanam/rol-outfit/src/internal/controllers/tag_controller.go:118.3,118.40 1 0
github.com/vlahanam/rol-outfit/src/internal/controllers/tag_controller.go:118.40,121.22 3 0
github.com/vlahanam/rol-outfit/src/internal/controllers/tag_controller.go:121.22,123.5 1 0
github.com/vlahanam/rol-outfit/src/internal/controllers/tag_controller.go:124.4,124.56 1 0
github.com/vlahanam/rol-outfit/src/internal/controllers/tag_controller.go:126.3,128.17 3 0
github.com/vlahanam/rol-outfit/src/internal/controllers/tag_controller.go:128.17,129.48 1 0
github.com/vlahanam/rol-outfit/src/internal/controllers/tag_controller.go:129.48,131.5 1 0
github.com/vlahanam/rol-outfit/src/internal/controllers/tag_controller.go:132.4,132.52 1 0
github.com/vlahanam/rol-outfit/src/internal/controllers/tag_controller.go:132.52,134.5 1 0
github.com/vlahanam/rol-outfit/src/internal/controllers/tag_controller.go:135.4,136.90 2 0
github.com/vlahanam/rol-outfit/src/internal/controllers/tag_controller.go:138.3,138.84 1 0
github.com/vlahanam/rol-outfit/src/internal/controllers/tag_controller.go:143.43,144.35 1 0
github.com/vlahanam/rol-outfit/src/internal/controllers/tag_controller.go:144.35,147.43 3 0
github.com/vlahanam/rol-outfit/src/internal/controllers/tag_controller.go:147.43,149.4 1 0
github.com/vlahanam/rol-outfit/src/internal/controllers/tag_controller.go:150.3,151.47 2 0
github.com/vlahanam/rol-outfit/src/internal/controllers/tag_controller.go:151.47,153.4 1 0
github.com/vlahanam/rol-outfit/src/internal/controllers/tag_controller.go:154.3,154.40 1 0
github.com/vlahanam/rol-outfit/src/internal/controllers/tag_controller.go:154.40,157.22 3 0
github.com/vlahanam/rol-outfit/src/internal/controllers/tag_controller.go:157.22,159.5 1 0
github.com/vlahanam/rol-outfit/src/internal/controllers/tag_controller.go:160.4,160.56 1 0
github.com/vlahanam/rol-outfit/src/internal/controllers/tag_controller.go:162.3,163.61 2 0
github.com/vlahanam/rol-outfit/src/internal/controllers/tag_controller.go:163.61,164.47 1 0
github.com/vlahanam/rol-outfit/src/internal/controllers/tag_controller.go:164.47,166.5 1 0
github.com/vlahanam/rol-outfit/src/internal/controllers/tag_controller.go:167.4,167.48 1 0
github.com/vlahanam/rol-outfit/src/internal/controllers/tag_controller.go:167.48,169.5 1 0
github.com/vlahanam/rol-outfit/src/internal/controllers/tag_controller.go:170.4,170.52 1 0
github.com/vlahanam/rol-outfit/src/internal/controllers/tag_controller.go:170.52,172.5 1 0
github.com/vlahanam/rol-outfit/src/internal/controllers/tag_controller.go:173.4,174.90 2 0
github.com/vlahanam/rol-outfit/src/internal/controllers/tag_controller.go:176.3,176.47 1 0
github.com/vlahanam/rol-outfit/src/internal/controllers/tag_controller.go:181.43,182.35 1 0
github.com/vlahanam/rol-outfit/src/internal/controllers/tag_controller.go:182.35,185.43 3 0
github.com/vlahanam/rol-outfit/src/internal/controllers/tag_controller.go:185.43,187.4 1 0
github.com/vlahanam/rol-outfit/src/internal/controllers/tag_controller.go:188.3,189.55 2 0
github.com/vlahanam/rol-outfit/src/internal/controllers/tag_controller.go:189.55,190.47 1 0
github.com/vlahanam/rol-outfit/src/internal/controllers/tag_controller.go:190.47,192.5 1 0
github.com/vlahanam/rol-outfit/src/internal/controllers/tag_controller.go:193.4,194.90 2 0
github.com/vlahanam/rol-outfit/src/internal/controllers/tag_controller.go:196.3,196.47 1 0
github.com/vlahanam/rol-outfit/src/internal/controllers/upload_controller.go:13.74,14.35 1 0
github.com/vlahanam/rol-outfit/src/internal/controllers/upload_controller.go:14.35,16.17 2 0
github.com/vlahanam/rol-outfit/src/internal/controllers/upload_controller.go:16.17,20.4 1 0
github.com/vlahanam/rol-outfit/src/internal/controllers/upload_controller.go:22.3,23.17 2 0
github.com/vlahanam/rol-outfit/src/internal/controllers/upload_controller.go:23.17,24.11 1 0
github.com/vlahanam/rol-outfit/src/internal/controllers/upload_controller.go:25.48,28.6 1 0
github.com/vlahanam/rol-outfit/src/internal/controllers/upload_controller.go:29.54,32.6 1 0
github.com/vlahanam/rol-outfit/src/internal/controllers/upload_controller.go:33.12,35.91 2 0
github.com/vlahanam/rol-outfit/src/internal/controllers/upload_controller.go:39.3,39.69 1 0
github.com/vlahanam/rol-outfit/src/internal/controllers/upload_controller.go:44.59,45.35 1 0
github.com/vlahanam/rol-outfit/src/internal/controllers/upload_controller.go:45.35,47.46 2 0
github.com/vlahanam/rol-outfit/src/internal/controllers/upload_controller.go:47.46,48.48 1 0
github.com/vlahanam/rol-outfit/src/internal/controllers/upload_controller.go:48.48,50.5 1 0
github.com/vlahanam/rol-outfit/src/internal/controllers/upload_controller.go:51.4,52.90 2 0
github.com/vlahanam/rol-outfit/src/internal/controllers/upload_controller.go:54.3,54.47 1 0
github.com/vlahanam/rol-outfit/src/internal/controllers/user_address_controller.go:18.65,21.2 2 0
github.com/vlahanam/rol-outfit/src/internal/controllers/user_address_controller.go:23.47,24.35 1 0
github.com/vlahanam/rol-outfit/src/internal/controllers/user_address_controller.go:24.35,26.17 2 0
github.com/vlahanam/rol-outfit/src/internal/controllers/user_address_controller.go:26.17,28.4 1 0
github.com/vlahanam/rol-outfit/src/internal/controllers/user_address_controller.go:30.3,32.17 3 0
github.com/vlahanam/rol-outfit/src/internal/controllers/user_address_controller.go:32.17,35.4 2 0
github.com/vlahanam/rol-outfit/src/internal/controllers/user_address_controller.go:36.3,36.76 1 0
github.com/vlahanam/rol-outfit/src/internal/controllers/user_address_controller.go:40.47,41.35 1 0
github.com/vlahanam/rol-outfit/src/internal/controllers/user_address_controller.go:41.35,44.17 3 0
github.com/vlahanam/rol-outfit/src/internal/controllers/user_address_controller.go:44.17,46.4 1 0
github.com/vlahanam/rol-outfit/src/internal/controllers/user_address_controller.go:48.3,49.47 2 0
github.com/vlahanam/rol-outfit/src/internal/controllers/user_address_controller.go:49.47,53.4 1 0
github.com/vlahanam/rol-outfit/src/internal/controllers/user_address_controller.go:54.3,54.40 1 0
github.com/vlahanam/rol-outfit/src/internal/controllers/user_address_controller.go:54.40,57.22 3 0
github.com/vlahanam/rol-outfit/src/internal/controllers/user_address_controller.go:57.22,59.5 1 0
github.com/vlahanam/rol-outfit/src/internal/controllers/user_address_controller.go:60.4,60.56 1 0
github.com/vlahanam/rol-outfit/src/internal/controllers/user_address_controller.go:63.3,65.17 3 0
github.com/vlahanam/rol-outfit/src/internal/controllers/user_address_controller.go:65.17,66.53 1 0
github.com/vlahanam/rol-outfit/src/internal/controllers/user_address_controller.go:66.53,70.5 1 0
github.com/vlahanam/rol-outfit/src/internal/controllers/user_address_controller.go:71.4,72.90 2 0
github.com/vlahanam/rol-outfit/src/internal/controllers/user_address_controller.go:74.3,74.98 1 0
github.com/vlahanam/rol-outfit/src/internal/controllers/user_address_controller.go:78.47,79.35 1 0
github.com/vlahanam/rol-outfit/src/internal/controllers/user_address_controller.go:79.35,82.17 3 0
github.com/vlahanam/rol-outfit/src/internal/controllers/user_address_controller.go:82.17,84.4 1 0
github.com/vlahanam/rol-outfit/src/internal/controllers/user_address_controller.go:85.3,86.50 2 0
github.com/vlahanam/rol-outfit/src/internal/controllers/user_address_controller.go:86.50,90.4 1 0
github.com/vlahanam/rol-outfit/src/internal/controllers/user_address_controller.go:92.3,93.47 2 0
github.com/vlahanam/rol-outfit/src/internal/controllers/user_address_controller.go:93.47,97.4 1 0
github.com/vlahanam/rol-outfit/src/internal/controllers/user_address_controller.go:98.3,98.40 1 0
github.com/vlahanam/rol-outfit/src/internal/controllers/user_address_controller.go:98.40,101.22 3 0
github.com/vlahanam/rol-outfit/src/internal/controllers/user_address_controller.go:101.22,103.5 1 0
github.com/vlahanam/rol-outfit/src/internal/controllers/user_address_controller.go:104.4,104.56 1 0
github.com/vlahanam/rol-outfit/src/internal/controllers/user_address_controller.go:107.3,108.76 2 0
github.com/vlahanam/rol-outfit/src/internal/controllers/user_address_controller.go:108.76,109.51 1 0
github.com/vlahanam/rol-outfit/src/internal/controllers/user_address_controller.go:109.51,113.5 1 0
github.com/vlahanam/rol-outfit/src/internal/controllers/user_address_controller.go:114.4,114.51 1 0
github.com/vlahanam/rol-outfit/src/internal/controllers/user_address_controller.go:114.51,118.5 1 0
github.com/vlahanam/rol-outfit/src/internal/controllers/user_address_controller.go:119.4,120.90 2 0
github.com/vlahanam/rol-outfit/src/internal/controllers/user_address_controller.go:122.3,122.47 1 0
github.com/vlahanam/rol-outfit/src/internal/controllers/user_address_controller.go:126.47,127.35 1 0
github.com/vlahanam/rol-outfit/src/internal/controllers/user_address_controller.go:127.35,130.17 3 0
github.com/vlahanam/rol-outfit/src/internal/controllers/user_address_controller.go:130.17,132.4 1 0
github.com/vlahanam/rol-outfit/src/internal/controllers/user_address_controller.go:133.3,134.50 2 0
github.com/vlahanam/rol-outfit/src/internal/controllers/user_address_controller.go:134.50,138.4 1 0
github.com/vlahanam/rol-outfit/src/internal/controllers/user_address_controller.go:140.3,141.70 2 0
github.com/vlahanam/rol-outfit/src/internal/controllers/user_address_controller.go:141.70,142.51 1 0
github.com/vlahanam/rol-outfit/src/internal/controllers/user_address_controller.go:142.51,146.5 1 0
github.com/vlahanam/rol-outfit/src/internal/controllers/user_address_controller.go:147.4,147.51 1 0
github.com/vlahanam/rol-outfit/src/internal/controllers/user_address_controller.go:147.51,151.5 1 0
github.com/vlahanam/rol-outfit/src/internal/controllers/user_address_controller.go:152.4,152.55 1 0
github.com/vlahanam/rol-outfit/src/internal/controllers/user_address_controller.go:152.55,156.5 1 0
github.com/vlahanam/rol-outfit/src/internal/controllers/user_address_controller.go:157.4,158.90 2 0
github.com/vlahanam/rol-outfit/src/internal/controllers/user_address_controller.go:160.3,160.47 1 0
github.com/vlahanam/rol-outfit/src/internal/controllers/user_address_controller.go:164.51,165.35 1 0
github.com/vlahanam/rol-outfit/src/internal/controllers/user_address_controller.go:165.35,168.17 3 0
github.com/vlahanam/rol-outfit/src/internal/controllers/user_address_controller.go:168.17,170.4 1 0
github.com/vlahanam/rol-outfit/src/internal/controllers/user_address_controller.go:171.3,172.50 2 0
github.com/vlahanam/rol-outfit/src/internal/controllers/user_address_controller.go:172.50,176.4 1 0
github.com/vlahanam/rol-outfit/src/internal/controllers/user_address_controller.go:178.3,179.74 2 0
github.com/vlahanam/rol-outfit/src/internal/controllers/user_address_controller.go:179.74,180.51 1 0
github.com/vlahanam/rol-outfit/src/internal/controllers/user_address_controller.go:180.51,184.5 1 0
github.com/vlahanam/rol-outfit/src/internal/controllers/user_address_controller.go:185.4,185.51 1 0
github.com/vlahanam/rol-outfit/src/internal/controllers/user_address_controller.go:185.51,189.5 1 0
github.com/vlahanam/rol-outfit/src/internal/controllers/user_address_controller.go:190.4,191.90 2 0
github.com/vlahanam/rol-outfit/src/internal/controllers/user_address_controller.go:193.3,193.47 1 0
github.com/vlahanam/rol-outfit/src/internal/controllers/user_controller.go:19.39,20.35 1 0
github.com/vlahanam/rol-outfit/src/internal/controllers/user_controller.go:20.35,23.26 3 0
github.com/vlahanam/rol-outfit/src/internal/controllers/user_controller.go:23.26,27.4 1 0
github.com/vlahanam/rol-outfit/src/internal/controllers/user_controller.go:29.3,33.17 4 0
github.com/vlahanam/rol-outfit/src/internal/controllers/user_controller.go:33.17,34.48 1 0
github.com/vlahanam/rol-outfit/src/internal/controllers/user_controller.go:34.48,38.5 1 0
github.com/vlahanam/rol-outfit/src/internal/controllers/user_controller.go:39.4,40.90 2 0
github.com/vlahanam/rol-outfit/src/internal/controllers/user_controller.go:42.3,42.57 1 0
github.com/vlahanam/rol-outfit/src/internal/controllers/user_controller.go:47.42,48.35 1 0
github.com/vlahanam/rol-outfit/src/internal/controllers/user_controller.go:48.35,51.26 3 0
github.com/vlahanam/rol-outfit/src/internal/controllers/user_controller.go:51.26,55.4 1 0
github.com/vlahanam/rol-outfit/src/internal/controllers/user_controller.go:57.3,58.47 2 0
github.com/vlahanam/rol-outfit/src/internal/controllers/user_controller.go:58.47,62.4 1 0
github.com/vlahanam/rol-outfit/src/internal/controllers/user_controller.go:63.3,63.40 1 0
github.com/vlahanam/rol-outfit/src/internal/controllers/user_controller.go:63.40,66.22 3 0
github.com/vlahanam/rol-outfit/src/internal/controllers/user_controller.go:66.22,68.5 1 0
github.com/vlahanam/rol-outfit/src/internal/controllers/user_controller.go:69.4,69.56 1 0
github.com/vlahanam/rol-outfit/src/internal/controllers/user_controller.go:72.3,75.67 3 0
github.com/vlahanam/rol-outfit/src/internal/controllers/user_controller.go:75.67,76.48 1 0
github.com/vlahanam/rol-outfit/src/internal/controllers/user_controller.go:76.48,80.5 1 0
github.com/vlahanam/rol-outfit/src/internal/controllers/user_controller.go:81.4,81.50 1 0
github.com/vlahanam/rol-outfit/src/internal/controllers/user_controller.go:81.50,85.5 1 0
github.com/vlahanam/rol-outfit/src/internal/controllers/user_controller.go:86.4,87.90 2 0
github.com/vlahanam/rol-outfit/src/internal/controllers/user_controller.go:89.3,89.47 1 0
github.com/vlahanam/rol-outfit/src/internal/controllers/user_controller.go:94.44,95.35 1 0
github.com/vlahanam/rol-outfit/src/internal/controllers/user_controller.go:95.35,99.47 3 0
github.com/vlahanam/rol-outfit/src/internal/controllers/user_controller.go:99.47,103.4 1 0
github.com/vlahanam/rol-outfit/src/internal/controllers/user_controller.go:104.3,104.40 1 0
github.com/vlahanam/rol-outfit/src/internal/controllers/user_controller.go:104.40,107.22 3 0
github.com/vlahanam/rol-outfit/src/internal/controllers/user_controller.go:107.22,109.5 1 0
github.com/vlahanam/rol-outfit/src/internal/controllers/user_controller.go:110.4,110.56 1 0
github.com/vlahanam/rol-outfit/src/internal/controllers/user_controller.go:113.3,117.17 4 0
github.com/vlahanam/rol-outfit/src/internal/controllers/user_controller.go:117.17,118.50 1 0
github.com/vlahanam/rol-outfit/src/internal/controllers/user_controller.go:118.50,122.5 1 0
github.com/vlahanam/rol-outfit/src/internal/controllers/user_controller.go:123.4,123.50 1 0
github.com/vlahanam/rol-outfit/src/internal/controllers/user_controller.go:123.50,127.5 1 0
github.com/vlahanam/rol-outfit/src/internal/controllers/user_controller.go:128.4,129.90 2 0
github.com/vlahanam/rol-outfit/src/internal/controllers/user_controller.go:131.3,131.85 1 0
github.com/vlahanam/rol-outfit/src/internal/controllers/user_controller.go:136.43,137.35 1 0
github.com/vlahanam/rol-outfit/src/internal/controllers/user_controller.go:137.35,139.46 2 0
github.com/vlahanam/rol-outfit/src/internal/controllers/user_controller.go:139.46,141.4 1 0
github.com/vlahanam/rol-outfit/src/internal/controllers/user_controller.go:142.3,149.17 6 0
github.com/vlahanam/rol-outfit/src/internal/controllers/user_controller.go:149.17,152.4 2 0
github.com/vlahanam/rol-outfit/src/internal/controllers/user_controller.go:154.3,155.27 2 0
github.com/vlahanam/rol-outfit/src/internal/controllers/user_controller.go:155.27,157.4 1 0
github.com/vlahanam/rol-outfit/src/internal/controllers/user_controller.go:158.3,159.58 2 0
github.com/vlahanam/rol-outfit/src/internal/controllers/user_controller.go:164.41,165.35 1 0
github.com/vlahanam/rol-outfit/src/internal/controllers/user_controller.go:165.35,169.43 3 0
github.com/vlahanam/rol-outfit/src/internal/controllers/user_controller.go:169.43,173.4 1 0
github.com/vlahanam/rol-outfit/src/internal/controllers/user_controller.go:175.3,179.17 4 0
github.com/vlahanam/rol-outfit/src/internal/controllers/user_controller.go:179.17,180.48 1 0
github.com/vlahanam/rol-outfit/src/internal/controllers/user_controller.go:180.48,184.5 1 0
github.com/vlahanam/rol-outfit/src/internal/controllers/user_controller.go:185.4,186.90 2 0
github.com/vlahanam/rol-outfit/src/internal/controllers/user_controller.go:188.3,188.57 1 0
github.com/vlahanam/rol-outfit/src/internal/controllers/user_controller.go:193.44,194.35 1 0
github.com/vlahanam/rol-outfit/src/internal/controllers/user_controller.go:194.35,198.43 3 0
github.com/vlahanam/rol-outfit/src/internal/controllers/user_controller.go:198.43,202.4 1 0
github.com/vlahanam/rol-outfit/src/internal/controllers/user_controller.go:204.3,205.47 2 0
github.com/vlahanam/rol-outfit/src/internal/controllers/user_controller.go:205.47,209.4 1 0
github.com/vlahanam/rol-outfit/src/internal/controllers/user_controller.go:210.3,210.40 1 0
github.com/vlahanam/rol-outfit/src/internal/controllers/user_controller.go:210.40,213.22 3 0
github.com/vlahanam/rol-outfit/src/internal/controllers/user_controller.go:213.22,215.5 1 0
github.com/vlahanam/rol-outfit/src/internal/controllers/user_controller.go:216.4,216.56 1 0
github.com/vlahanam/rol-outfit/src/internal/controllers/user_controller.go:219.3,222.61 3 0
github.com/vlahanam/rol-outfit/src/internal/controllers/user_controller.go:222.61,223.48 1 0
github.com/vlahanam/rol-outfit/src/internal/controllers/user_controller.go:223.48,227.5 1 0
github.com/vlahanam/rol-outfit/src/internal/controllers/user_controller.go:228.4,228.50 1 0
github.com/vlahanam/rol-outfit/src/internal/controllers/user_controller.go:228.50,232.5 1 0
github.com/vlahanam/rol-outfit/src/internal/controllers/user_controller.go:233.4,233.50 1 0
github.com/vlahanam/rol-outfit/src/internal/controllers/user_controller.go:233.50,237.5 1 0
github.com/vlahanam/rol-outfit/src/internal/controllers/user_controller.go:238.4,239.90 2 0
github.com/vlahanam/rol-outfit/src/internal/controllers/user_controller.go:241.3,241.47 1 0
github.com/vlahanam/rol-outfit/src/internal/controllers/user_controller.go:246.44,247.35 1 0
github.com/vlahanam/rol-outfit/src/internal/controllers/user_controller.go:247.35,251.43 3 0
github.com/vlahanam/rol-outfit/src/internal/controllers/user_controller.go:251.43,255.4 1 0
github.com/vlahanam/rol-outfit/src/internal/controllers/user_controller.go:257.3,260.55 3 0
github.com/vlahanam/rol-outfit/src/internal/controllers/user_controller.go:260.55,261.48 1 0
github.com/vlahanam/rol-outfit/src/internal/controllers/user_controller.go:261.48,265.5 1 0
github.com/vlahanam/rol-outfit/src/internal/controllers/user_controller.go:266.4,267.90 2 0
github.com/vlahanam/rol-outfit/src/internal/controllers/user_controller.go:269.3,269.47 1 0
github.com/vlahanam/rol-outfit/src/internal/controllers/widget_controller.go:19.50,20.35 1 0
github.com/vlahanam/rol-outfit/src/internal/controllers/widget_controller.go:20.35,22.46 2 0
github.com/vlahanam/rol-outfit/src/internal/controllers/widget_controller.go:22.46,24.4 1 0
github.com/vlahanam/rol-outfit/src/internal/controllers/widget_controller.go:25.3,29.47 4 0
github.com/vlahanam/rol-outfit/src/internal/controllers/widget_controller.go:29.47,30.45 1 0
github.com/vlahanam/rol-outfit/src/internal/controllers/widget_controller.go:30.45,35.5 2 0
github.com/vlahanam/rol-outfit/src/internal/controllers/widget_controller.go:36.4,36.19 1 0
github.com/vlahanam/rol-outfit/src/internal/controllers/widget_controller.go:39.3,43.17 4 0
github.com/vlahanam/rol-outfit/src/internal/controllers/widget_controller.go:43.17,46.4 2 0
github.com/vlahanam/rol-outfit/src/internal/controllers/widget_controller.go:48.3,49.29 2 0
github.com/vlahanam/rol-outfit/src/internal/controllers/widget_controller.go:49.29,51.4 1 0
github.com/vlahanam/rol-outfit/src/internal/controllers/widget_controller.go:52.3,53.58 2 0
github.com/vlahanam/rol-outfit/src/internal/controllers/widget_controller.go:58.48,59.35 1 0
github.com/vlahanam/rol-outfit/src/internal/controllers/widget_controller.go:59.35,63.43 3 0
github.com/vlahanam/rol-outfit/src/internal/controllers/widget_controller.go:63.43,67.4 1 0
github.com/vlahanam/rol-outfit/src/internal/controllers/widget_controller.go:69.3,73.17 4 0
github.com/vlahanam/rol-outfit/src/internal/controllers/widget_controller.go:73.17,74.50 1 0
github.com/vlahanam/rol-outfit/src/internal/controllers/widget_controller.go:74.50,78.5 1 0
github.com/vlahanam/rol-outfit/src/internal/controllers/widget_controller.go:79.4,80.90 2 0
github.com/vlahanam/rol-outfit/src/internal/controllers/widget_controller.go:82.3,82.59 1 0
github.com/vlahanam/rol-outfit/src/internal/controllers/widget_controller.go:87.45,88.35 1 0
github.com/vlahanam/rol-outfit/src/internal/controllers/widget_controller.go:88.35,90.46 2 0
github.com/vlahanam/rol-outfit/src/internal/controllers/widget_controller.go:90.46,92.4 1 0
github.com/vlahanam/rol-outfit/src/internal/controllers/widget_controller.go:93.3,97.47 4 0
github.com/vlahanam/rol-outfit/src/internal/controllers/widget_controller.go:97.47,98.45 1 0
github.com/vlahanam/rol-outfit/src/internal/controllers/widget_controller.go:98.45,103.5 2 0
github.com/vlahanam/rol-outfit/src/internal/controllers/widget_controller.go:104.4,104.19 1 0
github.com/vlahanam/rol-outfit/src/internal/controllers/widget_controller.go:107.3,111.17 4 0
github.com/vlahanam/rol-outfit/src/internal/controllers/widget_controller.go:111.17,114.4 2 0
github.com/vlahanam/rol-outfit/src/internal/controllers/widget_controller.go:116.3,117.29 2 0
github.com/vlahanam/rol-outfit/src/internal/controllers/widget_controller.go:117.29,119.4 1 0
github.com/vlahanam/rol-outfit/src/internal/controllers/widget_controller.go:120.3,121.58 2 0
github.com/vlahanam/rol-outfit/src/internal/controllers/widget_controller.go:126.43,127.35 1 0
github.com/vlahanam/rol-outfit/src/internal/controllers/widget_controller.go:127.35,131.43 3 0
github.com/vlahanam/rol-outfit/src/internal/controllers/widget_controller.go:131.43,135.4 1 0
github.com/vlahanam/rol-outfit/src/internal/controllers/widget_controller.go:137.3,141.17 4 0
github.com/vlahanam/rol-outfit/src/internal/controllers/widget_controller.go:141.17,142.50 1 0
github.com/vlahanam/rol-outfit/src/internal/controllers/widget_controller.go:142.50,146.5 1 0
github.com/vlahanam/rol-outfit/src/internal/controllers/widget_controller.go:147.4,148.90 2 0
github.com/vlahanam/rol-outfit/src/internal/controllers/widget_controller.go:150.3,150.59 1 0
github.com/vlahanam/rol-outfit/src/internal/controllers/widget_controller.go:155.46,156.35 1 0
github.com/vlahanam/rol-outfit/src/internal/controllers/widget_controller.go:156.35,160.47 3 0
github.com/vlahanam/rol-outfit/src/internal/controllers/widget_controller.go:160.47,164.4 1 0
github.com/vlahanam/rol-outfit/src/internal/controllers/widget_controller.go:165.3,165.40 1 0
github.com/vlahanam/rol-outfit/src/internal/controllers/widget_controller.go:165.40,168.22 3 0
github.com/vlahanam/rol-outfit/src/internal/controllers/widget_controller.go:168.22,170.5 1 0
github.com/vlahanam/rol-outfit/src/internal/controllers/widget_controller.go:171.4,171.56 1 0
github.com/vlahanam/rol-outfit/src/internal/controllers/widget_controller.go:175.3,175.26 1 0
github.com/vlahanam/rol-outfit/src/internal/controllers/widget_controller.go:175.26,176.55 1 0
github.com/vlahanam/rol-outfit/src/internal/controllers/widget_controller.go:176.55,180.5 1 0
github.com/vlahanam/rol-outfit/src/internal/controllers/widget_controller.go:183.3,187.17 4 0
github.com/vlahanam/rol-outfit/src/internal/controllers/widget_controller.go:187.17,188.50 1 0
github.com/vlahanam/rol-outfit/src/internal/controllers/widget_controller.go:188.50,192.5 1 0
github.com/vlahanam/rol-outfit/src/internal/controllers/widget_controller.go:193.4,194.90 2 0
github.com/vlahanam/rol-outfit/src/internal/controllers/widget_controller.go:196.3,196.87 1 0
github.com/vlahanam/rol-outfit/src/internal/controllers/widget_controller.go:201.46,202.35 1 0
github.com/vlahanam/rol-outfit/src/internal/controllers/widget_controller.go:202.35,206.43 3 0
github.com/vlahanam/rol-outfit/src/internal/controllers/widget_controller.go:206.43,210.4 1 0
github.com/vlahanam/rol-outfit/src/internal/controllers/widget_controller.go:212.3,213.47 2 0
github.com/vlahanam/rol-outfit/src/internal/controllers/widget_controller.go:213.47,217.4 1 0
github.com/vlahanam/rol-outfit/src/internal/controllers/widget_controller.go:218.3,218.40 1 0
github.com/vlahanam/rol-outfit/src/internal/controllers/widget_controller.go:218.40,221.22 3 0
github.com/vlahanam/rol-outfit/src/internal/controllers/widget_controller.go:221.22,223.5 1 0
github.com/vlahanam/rol-outfit/src/internal/controllers/widget_controller.go:224.4,224.56 1 0
github.com/vlahanam/rol-outfit/src/internal/controllers/widget_controller.go:227.3,230.61 3 0
github.com/vlahanam/rol-outfit/src/internal/controllers/widget_controller.go:230.61,231.50 1 0
github.com/vlahanam/rol-outfit/src/internal/controllers/widget_controller.go:231.50,235.5 1 0
github.com/vlahanam/rol-outfit/src/internal/controllers/widget_controller.go:236.4,237.90 2 0
github.com/vlahanam/rol-outfit/src/internal/controllers/widget_controller.go:239.3,239.67 1 0
github.com/vlahanam/rol-outfit/src/internal/controllers/widget_controller.go:244.46,245.35 1 0
github.com/vlahanam/rol-outfit/src/internal/controllers/widget_controller.go:245.35,249.43 3 0
github.com/vlahanam/rol-outfit/src/internal/controllers/widget_controller.go:249.43,253.4 1 0
github.com/vlahanam/rol-outfit/src/internal/controllers/widget_controller.go:255.3,258.55 3 0
github.com/vlahanam/rol-outfit/src/internal/controllers/widget_controller.go:258.55,259.50 1 0
github.com/vlahanam/rol-outfit/src/internal/controllers/widget_controller.go:259.50,263.5 1 0
github.com/vlahanam/rol-outfit/src/internal/controllers/widget_controller.go:264.4,265.90 2 0
github.com/vlahanam/rol-outfit/src/internal/controllers/widget_controller.go:267.3,267.67 1 0
github.com/vlahanam/rol-outfit/src/internal/dto/cart_dto.go:24.56,26.24 2 0
github.com/vlahanam/rol-outfit/src/internal/dto/cart_dto.go:26.24,28.3 1 0
github.com/vlahanam/rol-outfit/src/internal/dto/cart_dto.go:29.2,35.3 1 0
github.com/vlahanam/rol-outfit/src/internal/dto/cart_dto.go:38.70,40.29 2 0
github.com/vlahanam/rol-outfit/src/internal/dto/cart_dto.go:40.29,42.3 1 0
github.com/vlahanam/rol-outfit/src/internal/dto/cart_dto.go:43.2,48.3 1 0
github.com/vlahanam/rol-outfit/src/internal/dto/category_dto.go:19.53,29.2 1 0
github.com/vlahanam/rol-outfit/src/internal/dto/category_dto.go:31.80,33.2 1 0
github.com/vlahanam/rol-outfit/src/internal/dto/discount_helper.go:7.68,8.18 1 0
github.com/vlahanam/rol-outfit/src/internal/dto/discount_helper.go:8.18,10.3 1 0
github.com/vlahanam/rol-outfit/src/internal/dto/discount_helper.go:11.2,12.40 2 0
github.com/vlahanam/rol-outfit/src/internal/dto/discount_helper.go:12.40,14.3 1 0
github.com/vlahanam/rol-outfit/src/internal/dto/discount_helper.go:15.2,15.35 1 0
github.com/vlahanam/rol-outfit/src/internal/dto/discount_helper.go:15.35,17.3 1 0
github.com/vlahanam/rol-outfit/src/internal/dto/discount_helper.go:18.2,18.13 1 0
github.com/vlahanam/rol-outfit/src/internal/dto/discount_helper.go:22.84,23.44 1 0
github.com/vlahanam/rol-outfit/src/internal/dto/discount_helper.go:23.44,25.3 1 0
github.com/vlahanam/rol-outfit/src/internal/dto/discount_helper.go:26.2,26.34 1 0
github.com/vlahanam/rol-outfit/src/internal/dto/discount_helper.go:29.41,30.14 1 0
github.com/vlahanam/rol-outfit/src/internal/dto/discount_helper.go:30.14,32.3 1 0
github.com/vlahanam/rol-outfit/src/internal/dto/discount_helper.go:33.2,33.31 1 0
github.com/vlahanam/rol-outfit/src/internal/dto/order_dto.go:30.59,32.24 2 0
github.com/vlahanam/rol-outfit/src/internal/dto/order_dto.go:32.24,34.3 1 0
github.com/vlahanam/rol-outfit/src/internal/dto/order_dto.go:35.2,41.3 1 0
github.com/vlahanam/rol-outfit/src/internal/dto/order_dto.go:44.71,46.29 2 0
github.com/vlahanam/rol-outfit/src/internal/dto/order_dto.go:46.29,48.3 1 0
github.com/vlahanam/rol-outfit/src/internal/dto/order_dto.go:49.2,60.3 1 0
github.com/vlahanam/rol-outfit/src/internal/dto/product_dto.go:27.50,29.22 2 0
github.com/vlahanam/rol-outfit/src/internal/dto/product_dto.go:29.22,31.3 1 0
github.com/vlahanam/rol-outfit/src/internal/dto/product_dto.go:32.2,48.3 1 0
github.com/vlahanam/rol-outfit/src/internal/dto/product_dto.go:75.86,77.22 2 0
github.com/vlahanam/rol-outfit/src/internal/dto/product_dto.go:77.22,79.3 1 0
github.com/vlahanam/rol-outfit/src/internal/dto/product_dto.go:81.2,83.31 3 0
github.com/vlahanam/rol-outfit/src/internal/dto/product_dto.go:83.31,87.3 3 0
github.com/vlahanam/rol-outfit/src/internal/dto/product_dto.go:89.2,110.3 1 0
github.com/vlahanam/rol-outfit/src/internal/dto/product_dto.go:119.82,121.25 2 0
github.com/vlahanam/rol-outfit/src/internal/dto/product_dto.go:121.25,123.3 1 0
github.com/vlahanam/rol-outfit/src/internal/dto/product_dto.go:124.2,127.3 1 0
github.com/vlahanam/rol-outfit/src/internal/dto/product_dto.go:130.114,133.25 3 0
github.com/vlahanam/rol-outfit/src/internal/dto/product_dto.go:133.25,135.3 1 0
github.com/vlahanam/rol-outfit/src/internal/dto/product_dto.go:136.2,136.10 1 0
github.com/vlahanam/rol-outfit/src/internal/dto/product_dto.go:139.77,141.2 1 0
github.com/vlahanam/rol-outfit/src/internal/dto/product_variant_dto.go:28.94,30.77 2 0
github.com/vlahanam/rol-outfit/src/internal/dto/product_variant_dto.go:30.77,32.3 1 0
github.com/vlahanam/rol-outfit/src/internal/dto/product_variant_dto.go:32.8,32.96 1 0
github.com/vlahanam/rol-outfit/src/internal/dto/product_variant_dto.go:32.96,34.3 1 0
github.com/vlahanam/rol-outfit/src/internal/dto/product_variant_dto.go:35.2,50.3 1 0
github.com/vlahanam/rol-outfit/src/internal/dto/product_variant_dto.go:53.64,55.2 1 0
github.com/vlahanam/rol-outfit/src/internal/dto/tag_dto.go:19.38,21.22 2 0
github.com/vlahanam/rol-outfit/src/internal/dto/tag_dto.go:21.22,24.3 2 0
github.com/vlahanam/rol-outfit/src/internal/dto/tag_dto.go:25.2,25.20 1 0
github.com/vlahanam/rol-outfit/src/internal/dto/tag_dto.go:25.20,28.3 2 0
github.com/vlahanam/rol-outfit/src/internal/dto/tag_dto.go:29.2,37.3 1 0
github.com/vlahanam/rol-outfit/src/internal/dto/user_address_dto.go:19.62,29.2 1 0
github.com/vlahanam/rol-outfit/src/internal/dto/user_address_dto.go:31.78,33.30 2 0
github.com/vlahanam/rol-outfit/src/internal/dto/user_address_dto.go:33.30,35.3 1 0
github.com/vlahanam/rol-outfit/src/internal/dto/user_address_dto.go:36.2,36.15 1 0
github.com/vlahanam/rol-outfit/src/internal/dto/user_dto.go:34.41,45.2 1 0
github.com/vlahanam/rol-outfit/src/internal/dto/user_dto.go:49.68,51.2 1 0
github.com/vlahanam/rol-outfit/src/internal/dto/user_dto.go:54.45,66.2 1 0
github.com/vlahanam/rol-outfit/src/internal/dto/widget_dto.go:24.47,38.2 1 0
github.com/vlahanam/rol-outfit/src/internal/middleware/jwt_middleware.go:13.46,14.35 1 0
github.com/vlahanam/rol-outfit/src/internal/middleware/jwt_middleware.go:14.35,17.42 3 0
github.com/vlahanam/rol-outfit/src/internal/middleware/jwt_middleware.go:17.42,21.4 1 0
github.com/vlahanam/rol-outfit/src/internal/middleware/jwt_middleware.go:23.3,24.77 2 0
github.com/vlahanam/rol-outfit/src/internal/middleware/jwt_middleware.go:24.77,25.55 1 0
github.com/vlahanam/rol-outfit/src/internal/middleware/jwt_middleware.go:25.55,27.5 1 0
github.com/vlahanam/rol-outfit/src/internal/middleware/jwt_middleware.go:28.4,28.33 1 0
github.com/vlahanam/rol-outfit/src/internal/middleware/jwt_middleware.go:30.3,30.33 1 0
github.com/vlahanam/rol-outfit/src/internal/middleware/jwt_middleware.go:30.33,34.4 1 0
github.com/vlahanam/rol-outfit/src/internal/middleware/jwt_middleware.go:36.3,37.10 2 0
github.com/vlahanam/rol-outfit/src/internal/middleware/jwt_middleware.go:37.10,39.4 1 0
github.com/vlahanam/rol-outfit/src/internal/middleware/jwt_middleware.go:41.3,42.23 2 0
github.com/vlahanam/rol-outfit/src/internal/middleware/jwt_middleware.go:42.23,44.4 1 0
github.com/vlahanam/rol-outfit/src/internal/middleware/jwt_middleware.go:45.3,48.20 4 0
github.com/vlahanam/rol-outfit/src/internal/middleware/role_middleware.go:11.54,12.35 1 0
github.com/vlahanam/rol-outfit/src/internal/middleware/role_middleware.go:12.35,15.34 3 0
github.com/vlahanam/rol-outfit/src/internal/middleware/role_middleware.go:15.34,19.4 1 0
github.com/vlahanam/rol-outfit/src/internal/middleware/role_middleware.go:20.3,20.20 1 0
github.com/vlahanam/rol-outfit/src/internal/seeder/seed_categories.go:26.50,28.31 2 0
github.com/vlahanam/rol-outfit/src/internal/seeder/seed_categories.go:28.31,33.17 4 0
github.com/vlahanam/rol-outfit/src/internal/seeder/seed_categories.go:33.17,36.12 3 0
github.com/vlahanam/rol-outfit/src/internal/seeder/seed_categories.go:38.3,38.46 1 0
github.com/vlahanam/rol-outfit/src/internal/seeder/seed_categories.go:38.46,40.4 1 0
github.com/vlahanam/rol-outfit/src/internal/seeder/seed_categories.go:42.3,49.47 2 0
github.com/vlahanam/rol-outfit/src/internal/seeder/seed_categories.go:49.47,51.4 1 0
github.com/vlahanam/rol-outfit/src/internal/seeder/seed_categories.go:52.3,53.16 2 0
github.com/vlahanam/rol-outfit/src/internal/seeder/seed_categories.go:55.2,55.17 1 0
github.com/vlahanam/rol-outfit/src/internal/seeder/seed_product_variants.go:21.44,23.39 2 0
github.com/vlahanam/rol-outfit/src/internal/seeder/seed_product_variants.go:23.39,25.3 1 0
github.com/vlahanam/rol-outfit/src/internal/seeder/seed_product_variants.go:26.2,27.10 2 0
github.com/vlahanam/rol-outfit/src/internal/seeder/seed_product_variants.go:99.55,104.29 3 0
github.com/vlahanam/rol-outfit/src/internal/seeder/seed_product_variants.go:104.29,106.3 1 0
github.com/vlahanam/rol-outfit/src/internal/seeder/seed_product_variants.go:108.2,108.32 1 0
github.com/vlahanam/rol-outfit/src/internal/seeder/seed_product_variants.go:108.32,111.17 3 0
github.com/vlahanam/rol-outfit/src/internal/seeder/seed_product_variants.go:111.17,112.46 1 0
github.com/vlahanam/rol-outfit/src/internal/seeder/seed_product_variants.go:112.46,115.13 3 0
github.com/vlahanam/rol-outfit/src/internal/seeder/seed_product_variants.go:117.4,117.19 1 0
github.com/vlahanam/rol-outfit/src/internal/seeder/seed_product_variants.go:120.3,121.116 2 0
github.com/vlahanam/rol-outfit/src/internal/seeder/seed_product_variants.go:121.116,123.4 1 0
github.com/vlahanam/rol-outfit/src/internal/seeder/seed_product_variants.go:124.3,124.16 1 0
github.com/vlahanam/rol-outfit/src/internal/seeder/seed_product_variants.go:124.16,127.12 3 0
github.com/vlahanam/rol-outfit/src/internal/seeder/seed_product_variants.go:130.3,131.26 2 0
github.com/vlahanam/rol-outfit/src/internal/seeder/seed_product_variants.go:131.26,141.4 1 0
github.com/vlahanam/rol-outfit/src/internal/seeder/seed_product_variants.go:142.3,142.48 1 0
github.com/vlahanam/rol-outfit/src/internal/seeder/seed_product_variants.go:142.48,144.4 1 0
github.com/vlahanam/rol-outfit/src/internal/seeder/seed_product_variants.go:145.3,146.27 2 0
github.com/vlahanam/rol-outfit/src/internal/seeder/seed_product_variants.go:148.2,148.17 1 0
github.com/vlahanam/rol-outfit/src/internal/seeder/seed_products.go:43.48,45.29 2 0
github.com/vlahanam/rol-outfit/src/internal/seeder/seed_products.go:45.29,47.103 2 0
github.com/vlahanam/rol-outfit/src/internal/seeder/seed_products.go:47.103,48.46 1 0
github.com/vlahanam/rol-outfit/src/internal/seeder/seed_products.go:48.46,51.13 3 0
github.com/vlahanam/rol-outfit/src/internal/seeder/seed_products.go:53.4,53.19 1 0
github.com/vlahanam/rol-outfit/src/internal/seeder/seed_products.go:56.3,59.17 4 0
github.com/vlahanam/rol-outfit/src/internal/seeder/seed_products.go:59.17,62.12 3 0
github.com/vlahanam/rol-outfit/src/internal/seeder/seed_products.go:64.3,64.46 1 0
github.com/vlahanam/rol-outfit/src/internal/seeder/seed_products.go:64.46,66.4 1 0
github.com/vlahanam/rol-outfit/src/internal/seeder/seed_products.go:68.3,79.47 2 0
github.com/vlahanam/rol-outfit/src/internal/seeder/seed_products.go:79.47,81.4 1 0
github.com/vlahanam/rol-outfit/src/internal/seeder/seed_products.go:82.3,83.16 2 0
github.com/vlahanam/rol-outfit/src/internal/seeder/seed_products.go:85.2,85.17 1 0
github.com/vlahanam/rol-outfit/src/internal/seeder/seed_users.go:46.45,48.26 2 0
github.com/vlahanam/rol-outfit/src/internal/seeder/seed_users.go:48.26,51.17 3 0
github.com/vlahanam/rol-outfit/src/internal/seeder/seed_users.go:51.17,54.12 3 0
github.com/vlahanam/rol-outfit/src/internal/seeder/seed_users.go:56.3,56.46 1 0
github.com/vlahanam/rol-outfit/src/internal/seeder/seed_users.go:56.46,58.4 1 0
github.com/vlahanam/rol-outfit/src/internal/seeder/seed_users.go:60.3,61.17 2 0
github.com/vlahanam/rol-outfit/src/internal/seeder/seed_users.go:61.17,63.4 1 0
github.com/vlahanam/rol-outfit/src/internal/seeder/seed_users.go:65.3,74.47 2 0
github.com/vlahanam/rol-outfit/src/internal/seeder/seed_users.go:74.47,76.4 1 0
github.com/vlahanam/rol-outfit/src/internal/seeder/seed_users.go:77.3,78.16 2 0
github.com/vlahanam/rol-outfit/src/internal/seeder/seed_users.go:80.2,80.17 1 0
github.com/vlahanam/rol-outfit/src/internal/seeder/seed_widgets.go:28.47,30.28 2 0
github.com/vlahanam/rol-outfit/src/internal/seeder/seed_widgets.go:30.28,33.17 3 0
github.com/vlahanam/rol-outfit/src/internal/seeder/seed_widgets.go:33.17,36.12 3 0
github.com/vlahanam/rol-outfit/src/internal/seeder/seed_widgets.go:38.3,38.46 1 0
github.com/vlahanam/rol-outfit/src/internal/seeder/seed_widgets.go:38.46,40.4 1 0
github.com/vlahanam/rol-outfit/src/internal/seeder/seed_widgets.go:42.3,49.47 2 0
github.com/vlahanam/rol-outfit/src/internal/seeder/seed_widgets.go:49.47,51.4 1 0
github.com/vlahanam/rol-outfit/src/internal/seeder/seed_widgets.go:52.3,53.16 2 0
github.com/vlahanam/rol-outfit/src/internal/seeder/seed_widgets.go:55.2,55.17 1 0
github.com/vlahanam/rol-outfit/src/internal/seeder/seeder.go:16.32,20.16 3 0
github.com/vlahanam/rol-outfit/src/internal/seeder/seeder.go:20.16,22.3 1 0
github.com/vlahanam/rol-outfit/src/internal/seeder/seeder.go:23.2,26.16 3 0
github.com/vlahanam/rol-outfit/src/internal/seeder/seeder.go:26.16,28.3 1 0
github.com/vlahanam/rol-outfit/src/internal/seeder/seeder.go:29.2,32.16 3 0
github.com/vlahanam/rol-outfit/src/internal/seeder/seeder.go:32.16,34.3 1 0
github.com/vlahanam/rol-outfit/src/internal/seeder/seeder.go:35.2,38.16 3 0
github.com/vlahanam/rol-outfit/src/internal/seeder/seeder.go:38.16,40.3 1 0
github.com/vlahanam/rol-outfit/src/internal/seeder/seeder.go:41.2,44.16 3 0
github.com/vlahanam/rol-outfit/src/internal/seeder/seeder.go:44.16,46.3 1 0
github.com/vlahanam/rol-outfit/src/internal/seeder/seeder.go:47.2,50.12 3 0
